Unique identifier,Date,Block,Replicate,totaltime,totaltimehr,Video,timestamp,real_time,videotime,Species,Bites,Treatment,Notes
14,4/25/25,1,1,5864,0.977333333,101320,115,10:14:35,1328,Thalassoma hardwicke,1,Turb,
15,4/25/25,1,1,5864,0.977333333,101320,117,10:14:37,1328,Thalassoma hardwicke,1,Turb,
16,4/25/25,1,1,5864,0.977333333,101320,247,10:16:07,1328,Thalassoma hardwicke,2,Turb,
17,4/25/25,1,1,5864,0.977333333,101320,300,10:16:20,1328,Thalassoma hardwicke,2,Turb,
18,4/25/25,1,1,5864,0.977333333,101320,926,10:22:46,1328,Thalassoma hardwicke,1,Turb,
19,4/25/25,1,1,5864,0.977333333,101320,942,10:23:02,1328,Thalassoma hardwicke,2,Turb,
29,4/25/25,1,1,5864,0.977333333,102650,,10:26:50,1329,,0,Turb,
56,4/25/25,1,1,5864,0.977333333,104021,0,10:40:21,1329,,0,Turb,"redlip juvie, turf in zone"
74,4/25/25,1,1,5864,0.977333333,105353,318,10:57:11,1329,Zebrasoma scopas,3,Turb,
117,4/25/25,1,1,5864,0.977333333,110724,27,11:07:51,549,Zebrasoma scopas,7,Turb,
118,4/25/25,1,1,5864,0.977333333,110724,103,11:08:27,549,Zebrasoma scopas,2,Turb,
13,4/25/25,1,2,6051,1.0085,101140,733,10:19:13,1329,Thalassoma hardwicke,4,Turb,
28,4/25/25,1,2,6051,1.0085,102511,800,10:33:11,1329,Thalassoma hardwicke,1,Turb,
52,4/25/25,1,2,6051,1.0085,103842,700,10:45:42,1329,Juvenile Parrotfish,2,Turb,
53,4/25/25,1,2,6051,1.0085,103842,1111,10:49:53,1329,Thalassoma hardwicke,1,Turb,
54,4/25/25,1,2,6051,1.0085,103842,648,10:45:30,1329,Thalassoma hardwicke,1,Turb,
55,4/25/25,1,2,6051,1.0085,103842,709,10:45:51,1329,Juvenile Parrotfish,1,Turb,"redlip juvie, turf in zone"
72,4/25/25,1,2,6051,1.0085,105213,242,10:54:55,1328,Ctenochaetus striatus,6,Turb,
73,4/25/25,1,2,6051,1.0085,105213,729,10:59:42,1328,Thalassoma hardwicke,3,Turb,
116,4/25/25,1,2,6051,1.0085,110543,0,11:05:43,736,,0,Turb,
4,4/25/25,1,3,6319,1.053166667,100957,448,10:14:45,1329,Ctenochaetus striatus,6,Turf,
5,4/25/25,1,3,6319,1.053166667,100957,818,10:18:15,1329,Ctenochaetus striatus,5,Turf,
6,4/25/25,1,3,6319,1.053166667,100957,1009,10:20:06,1329,Ctenochaetus striatus,11,Turf,
7,4/25/25,1,3,6319,1.053166667,100957,1146,10:21:43,1329,Juvenile Parrotfish,16,Turf,
8,4/25/25,1,3,6319,1.053166667,100957,1146,10:21:43,1329,Juvenile Parrotfish,10,Turf,
9,4/25/25,1,3,6319,1.053166667,100957,1146,10:21:43,1329,Juvenile Parrotfish,6,Turf,
10,4/25/25,1,3,6319,1.053166667,100957,1154,10:21:51,1329,Juvenile Parrotfish,5,Turf,
11,4/25/25,1,3,6319,1.053166667,100957,1154,10:21:51,1329,Juvenile Parrotfish,3,Turf,
12,4/25/25,1,3,6319,1.053166667,100957,1154,10:21:51,1329,Juvenile Parrotfish,14,Turf,
49,4/25/25,1,3,6319,1.053166667,103659,417,10:41:16,1329,Ctenochaetus striatus,8,Turf,
50,4/25/25,1,3,6319,1.053166667,103659,451,10:41:50,1329,Ctenochaetus striatus,5,Turf,
51,4/25/25,1,3,6319,1.053166667,103659,830,10:45:29,1329,Ctenochaetus striatus,1,Turf,
64,4/25/25,1,3,6319,1.053166667,105030,113,10:51:43,1328,Ctenochaetus striatus,3,Turf,
65,4/25/25,1,3,6319,1.053166667,105030,253,10:53:23,1328,Acanthurus nigrofuscus,5,Turf,
66,4/25/25,1,3,6319,1.053166667,105030,626,10:56:56,1328,Ctenochaetus striatus,6,Turf,
67,4/25/25,1,3,6319,1.053166667,105030,701,10:57:31,1328,Ctenochaetus striatus,4,Turf,
68,4/25/25,1,3,6319,1.053166667,105030,702,10:57:32,1328,Ctenochaetus striatus,9,Turf,
69,4/25/25,1,3,6319,1.053166667,105030,914,10:59:44,1328,Acanthurus nigrofuscus,12,Turf,
70,4/25/25,1,3,6319,1.053166667,105030,932,11:00:02,1328,Acanthurus nigrofuscus,3,Turf,
71,4/25/25,1,3,6319,1.053166667,105030,1214,11:02:44,1328,Acanthurus nigrofuscus,12,Turf,
99,4/25/25,1,3,6319,1.053166667,110400,0,11:04:00,1005,Ctenochaetus striatus,9,Turf,
100,4/25/25,1,3,6319,1.053166667,110400,51,11:04:51,1005,Acanthurus nigrofuscus,2,Turf,
101,4/25/25,1,3,6319,1.053166667,110400,149,11:05:49,1005,Acanthurus nigrofuscus,7,Turf,
102,4/25/25,1,3,6319,1.053166667,110400,420,11:08:20,1005,Acanthurus nigrofuscus,8,Turf,
103,4/25/25,1,3,6319,1.053166667,110400,429,11:08:29,1005,Juvenile Parrotfish,56,Turf,
104,4/25/25,1,3,6319,1.053166667,110400,430,11:08:30,1005,Juvenile Parrotfish,37,Turf,
105,4/25/25,1,3,6319,1.053166667,110400,432,11:08:32,1005,Juvenile Parrotfish,18,Turf,
106,4/25/25,1,3,6319,1.053166667,110400,434,11:08:34,1005,Ctenochaetus striatus,4,Turf,
107,4/25/25,1,3,6319,1.053166667,110400,444,11:08:44,1005,Juvenile Parrotfish,5,Turf,
108,4/25/25,1,3,6319,1.053166667,110400,509,11:09:09,1005,Juvenile Parrotfish,12,Turf,GREY
109,4/25/25,1,3,6319,1.053166667,110400,509,11:09:09,1005,Juvenile Parrotfish,12,Turf,GREY
110,4/25/25,1,3,6319,1.053166667,110400,509,11:09:09,1005,Juvenile Parrotfish,7,Turf,BROWN
111,4/25/25,1,3,6319,1.053166667,110400,509,11:09:09,1005,Juvenile Parrotfish,5,Turf,brown
112,4/25/25,1,3,6319,1.053166667,110400,520,11:09:20,1005,Ctenochaetus striatus,2,Turf,
113,4/25/25,1,3,6319,1.053166667,110400,532,11:09:32,1005,Acanthurus nigrofuscus,3,Turf,
114,4/25/25,1,3,6319,1.053166667,110400,530,11:09:30,1005,Ctenochaetus striatus,8,Turf,
115,4/25/25,1,3,6319,1.053166667,110400,850,11:12:50,1005,Ctenochaetus striatus,5,Turf,
1,4/25/25,1,4,6644,1.107333333,100525,909,10:14:34,1329,Ctenochaetus striatus,33,Turf,
2,4/25/25,1,4,6644,1.107333333,100525,1131,10:16:56,1329,Chlorurus sordidus,8,Turf,
3,4/25/25,1,4,6644,1.107333333,100525,1210,10:17:35,1329,Ctenochaetus striatus,18,Turf,
20,4/25/25,1,4,6644,1.107333333,101856,112,10:20:08,1329,Ctenochaetus striatus,11,Turf,
21,4/25/25,1,4,6644,1.107333333,101856,226,10:21:22,1329,Zebrasoma scopas,5,Turf,
22,4/25/25,1,4,6644,1.107333333,101856,235,10:21:31,1329,Ctenochaetus striatus,4,Turf,
23,4/25/25,1,4,6644,1.107333333,101856,438,10:23:34,1329,Ctenochaetus striatus,20,Turf,
24,4/25/25,1,4,6644,1.107333333,101856,1004,10:29:00,1329,Juvenile Parrotfish,5,Turf,
25,4/25/25,1,4,6644,1.107333333,101856,1130,10:30:26,1329,Ctenochaetus striatus,10,Turf,
26,4/25/25,1,4,6644,1.107333333,101856,1244,10:31:40,1329,Ctenochaetus striatus,2,Turf,
27,4/25/25,1,4,6644,1.107333333,102329,1150,10:35:19,1328,Ctenochaetus striatus,3,Turf,
30,4/25/25,1,4,6644,1.107333333,103227,24,10:32:51,24,Ctenochaetus striatus,2,Turf,
31,4/25/25,1,4,6644,1.107333333,103227,209,10:34:36,1329,Ctenochaetus striatus,11,Turf,
32,4/25/25,1,4,6644,1.107333333,103227,443,10:37:10,1329,Ctenochaetus striatus,12,Turf,
33,4/25/25,1,4,6644,1.107333333,103227,653,10:39:20,1329,Ctenochaetus striatus,18,Turf,
34,4/25/25,1,4,6644,1.107333333,103227,743,10:40:10,1329,Chlorurus sordidus,4,Turf,
35,4/25/25,1,4,6644,1.107333333,103227,756,10:40:23,1329,Zebrasoma scopas,6,Turf,
36,4/25/25,1,4,6644,1.107333333,103227,812,10:40:39,1329,Zebrasoma scopas,10,Turf,
37,4/25/25,1,4,6644,1.107333333,103227,815,10:40:42,1329,Ctenochaetus striatus,13,Turf,
38,4/25/25,1,4,6644,1.107333333,103227,1144,10:44:11,1329,Juvenile Parrotfish,7,Turf,
39,4/25/25,1,4,6644,1.107333333,103227,1202,10:44:29,1329,Ctenochaetus striatus,10,Turf,
40,4/25/25,1,4,6644,1.107333333,103227,1203,10:44:30,1329,Juvenile Parrotfish,24,Turf,
41,4/25/25,1,4,6644,1.107333333,103227,1213,10:44:40,1329,Chlorurus sordidus,12,Turf,
42,4/25/25,1,4,6644,1.107333333,103227,1213,10:44:40,1329,Ctenochaetus striatus,8,Turf,
43,4/25/25,1,4,6644,1.107333333,103227,1230,10:44:57,1329,Chlorurus sordidus,16,Turf,
44,4/25/25,1,4,6644,1.107333333,103227,1242,10:45:09,1329,Ctenochaetus striatus,11,Turf,
45,4/25/25,1,4,6644,1.107333333,103227,1259,10:45:26,1329,Chlorurus sordidus,2,Turf,
46,4/25/25,1,4,6644,1.107333333,103227,1256,10:45:23,1329,Juvenile Parrotfish,12,Turf,
47,4/25/25,1,4,6644,1.107333333,103227,1303,10:45:30,1329,Ctenochaetus striatus,29,Turf,
48,4/25/25,1,4,6644,1.107333333,103227,1324,10:45:51,1329,Juvenile Parrotfish,7,Turf,
57,4/25/25,1,4,6644,1.107333333,104558,422,10:50:20,1328,Ctenochaetus striatus,8,Turf,
58,4/25/25,1,4,6644,1.107333333,104558,443,10:50:41,1328,Ctenochaetus striatus,1,Turf,
59,4/25/25,1,4,6644,1.107333333,104558,908,10:55:06,1328,Ctenochaetus striatus,1,Turf,
60,4/25/25,1,4,6644,1.107333333,104558,941,10:55:39,1328,Ctenochaetus striatus,2,Turf,
61,4/25/25,1,4,6644,1.107333333,104558,1007,10:56:05,1328,Zebrasoma scopas,1,Turf,
62,4/25/25,1,4,6644,1.107333333,104558,1111,10:57:09,1328,Juvenile Parrotfish,23,Turf,
63,4/25/25,1,4,6644,1.107333333,104558,1215,10:58:13,1328,Acanthurus nigrofuscus,16,Turf,
75,4/25/25,1,4,6644,1.107333333,105928,218,11:01:46,1329,Zebrasoma scopas,3,Turf,
76,4/25/25,1,4,6644,1.107333333,105928,235,11:02:03,1329,Acanthurus nigrofuscus,8,Turf,
77,4/25/25,1,4,6644,1.107333333,105928,246,11:02:14,1329,Zebrasoma scopas,8,Turf,
78,4/25/25,1,4,6644,1.107333333,105928,312,11:02:40,1329,Juvenile Parrotfish,21,Turf,
79,4/25/25,1,4,6644,1.107333333,105928,323,11:02:51,1329,Acanthurus nigrofuscus,12,Turf,
80,4/25/25,1,4,6644,1.107333333,105928,350,11:03:18,1329,Zebrasoma scopas,2,Turf,
81,4/25/25,1,4,6644,1.107333333,105928,403,11:03:31,1329,Juvenile Parrotfish,169,Turf,til 6:08
82,4/25/25,1,4,6644,1.107333333,105928,406,11:03:34,1329,Acanthurus nigrofuscus,24,Turf,
83,4/25/25,1,4,6644,1.107333333,105928,528,11:04:56,1329,Zebrasoma scopas,1,Turf,
84,4/25/25,1,4,6644,1.107333333,105928,557,11:05:25,1329,Juvenile Parrotfish,13,Turf,
85,4/25/25,1,4,6644,1.107333333,105928,619,11:05:47,1329,Acanthurus nigrofuscus,3,Turf,
86,4/25/25,1,4,6644,1.107333333,105928,717,11:06:45,1329,Acanthurus nigrofuscus,15,Turf,
87,4/25/25,1,4,6644,1.107333333,105928,804,11:07:32,1329,Acanthurus nigrofuscus,3,Turf,
88,4/25/25,1,4,6644,1.107333333,105928,812,11:07:40,1329,Zebrasoma scopas,27,Turf,
89,4/25/25,1,4,6644,1.107333333,105928,827,11:07:55,1329,Ctenochaetus striatus,6,Turf,
90,4/25/25,1,4,6644,1.107333333,105928,912,11:08:40,1329,Ctenochaetus striatus,9,Turf,
91,4/25/25,1,4,6644,1.107333333,105928,909,11:08:37,1329,Zebrasoma scopas,11,Turf,
92,4/25/25,1,4,6644,1.107333333,105928,926,11:08:54,1329,Juvenile Parrotfish,81,Turf,til 10:39
93,4/25/25,1,4,6644,1.107333333,105928,939,11:09:07,1329,Ctenochaetus striatus,31,Turf,
94,4/25/25,1,4,6644,1.107333333,105928,1029,11:09:57,1329,Ctenochaetus striatus,4,Turf,
95,4/25/25,1,4,6644,1.107333333,105928,1122,11:10:50,1329,Juvenile Parrotfish,36,Turf,
96,4/25/25,1,4,6644,1.107333333,105928,1142,11:11:10,1329,Ctenochaetus striatus,17,Turf,
97,4/25/25,1,4,6644,1.107333333,105928,1155,11:11:23,1329,Zebrasoma scopas,10,Turf,
98,4/25/25,1,4,6644,1.107333333,105928,1207,11:11:35,1329,Ctenochaetus striatus,24,Turf,
160,4/28/25,2,5,4098,0.683,105500,110,10:56:10,1329,Ctenochaetus striatus,11,Turf,
161,4/28/25,2,5,4098,0.683,105500,215,10:57:15,1329,Ctenochaetus striatus,5,Turf,
162,4/28/25,2,5,4098,0.683,105500,340,10:58:40,1329,Ctenochaetus striatus,7,Turf,
163,4/28/25,2,5,4098,0.683,105500,354,10:58:54,1329,Acanthurus nigrofuscus,25,Turf,
164,4/28/25,2,5,4098,0.683,105500,420,10:59:20,1329,Ctenochaetus striatus,3,Turf,
165,4/28/25,2,5,4098,0.683,105500,536,11:00:36,1329,Ctenochaetus striatus,14,Turf,
166,4/28/25,2,5,4098,0.683,105500,606,11:01:06,1329,Ctenochaetus striatus,15,Turf,
167,4/28/25,2,5,4098,0.683,105500,721,11:02:21,1329,Ctenochaetus striatus,10,Turf,
168,4/28/25,2,5,4098,0.683,105500,849,11:03:49,1329,Ctenochaetus striatus,9,Turf,
169,4/28/25,2,5,4098,0.683,105500,1205,11:07:05,1329,Ctenochaetus striatus,8,Turf,
220,4/28/25,2,5,4098,0.683,110831,57,11:09:28,1329,Ctenochaetus striatus,14,Turf,
221,4/28/25,2,5,4098,0.683,110831,211,11:10:42,1329,Ctenochaetus striatus,24,Turf,
222,4/28/25,2,5,4098,0.683,110831,408,11:12:39,1329,Ctenochaetus striatus,12,Turf,
223,4/28/25,2,5,4098,0.683,110831,452,11:13:23,1329,Chaetodon vagabundus,4,Turf,
224,4/28/25,2,5,4098,0.683,110831,514,11:13:45,1329,Ctenochaetus striatus,20,Turf,
225,4/28/25,2,5,4098,0.683,110831,621,11:14:52,1329,Ctenochaetus striatus,34,Turf,
226,4/28/25,2,5,4098,0.683,110831,716,11:15:47,1329,Ctenochaetus striatus,8,Turf,
227,4/28/25,2,5,4098,0.683,110831,734,11:16:05,1329,Thalassoma hardwicke,1,Turf,
228,4/28/25,2,5,4098,0.683,110831,746,11:16:17,1329,Acanthurus nigrofuscus,15,Turf,
229,4/28/25,2,5,4098,0.683,110831,811,11:16:42,1329,Acanthurus nigrofuscus,20,Turf,
230,4/28/25,2,5,4098,0.683,110831,830,11:17:01,1329,Acanthurus nigrofuscus,4,Turf,
231,4/28/25,2,5,4098,0.683,110831,832,11:17:03,1329,Ctenochaetus striatus,5,Turf,
232,4/28/25,2,5,4098,0.683,110831,954,11:18:25,1329,Ctenochaetus striatus,2,Turf,
233,4/28/25,2,5,4098,0.683,110831,1024,11:18:55,1329,Ctenochaetus striatus,1,Turf,
234,4/28/25,2,5,4098,0.683,110831,1026,11:18:57,1329,Ctenochaetus striatus,8,Turf,
235,4/28/25,2,5,4098,0.683,110831,1056,11:19:27,1329,Ctenochaetus striatus,9,Turf,
236,4/28/25,2,5,4098,0.683,110831,1117,11:19:48,1329,Ctenochaetus striatus,11,Turf,
237,4/28/25,2,5,4098,0.683,110831,1204,11:20:35,1329,Ctenochaetus striatus,5,Turf,
238,4/28/25,2,5,4098,0.683,110831,1232,11:21:03,1329,Ctenochaetus striatus,18,Turf,
239,4/28/25,2,5,4098,0.683,110831,1257,11:21:28,1329,Acanthurus nigrofuscus,14,Turf,
240,4/28/25,2,5,4098,0.683,110831,1311,11:21:42,1329,Ctenochaetus striatus,10,Turf,
241,4/28/25,2,5,4098,0.683,110831,1316,11:21:47,1329,Zebrasoma scopas,10,Turf,
276,4/28/25,2,5,4098,0.683,112202,0,11:22:02,1329,Chlorurus sordidus,67,Turf,
277,4/28/25,2,5,4098,0.683,112202,5,11:22:07,1329,Ctenochaetus striatus,16,Turf,
278,4/28/25,2,5,4098,0.683,112202,114,11:23:16,1329,Ctenochaetus striatus,2,Turf,
279,4/28/25,2,5,4098,0.683,112202,123,11:23:25,1329,Ctenochaetus striatus,18,Turf,
280,4/28/25,2,5,4098,0.683,112202,201,11:24:03,1329,Juvenile thalassoma,2,Turf,
281,4/28/25,2,5,4098,0.683,112202,242,11:24:44,1329,Ctenochaetus striatus,15,Turf,
282,4/28/25,2,5,4098,0.683,112202,313,11:25:15,1329,Ctenochaetus striatus,9,Turf,
283,4/28/25,2,5,4098,0.683,112202,328,11:25:30,1329,Acanthurus nigrofuscus,7,Turf,
284,4/28/25,2,5,4098,0.683,112202,637,11:28:39,1329,Ctenochaetus striatus,2,Turf,
285,4/28/25,2,5,4098,0.683,112202,649,11:28:51,1329,Thalassoma hardwicke,1,Turf,
286,4/28/25,2,5,4098,0.683,112202,714,11:29:16,1329,Ctenochaetus striatus,4,Turf,
287,4/28/25,2,5,4098,0.683,112202,733,11:29:35,1329,Thalassoma hardwicke,2,Turf,
288,4/28/25,2,5,4098,0.683,112202,748,11:29:50,1329,Chlorurus sordidus,6,Turf,
289,4/28/25,2,5,4098,0.683,112202,800,11:30:02,1329,Thalassoma hardwicke,1,Turf,
290,4/28/25,2,5,4098,0.683,112202,805,11:30:07,1329,Thalassoma hardwicke,3,Turf,
291,4/28/25,2,5,4098,0.683,112202,826,11:30:28,1329,Ctenochaetus striatus,4,Turf,
292,4/28/25,2,5,4098,0.683,112202,835,11:30:37,1329,Juvenile Parrotfish,2,Turf,
293,4/28/25,2,5,4098,0.683,112202,855,11:30:57,1329,Ctenochaetus striatus,13,Turf,
294,4/28/25,2,5,4098,0.683,112202,902,11:31:04,1329,Juvenile parrotfish,2,Turf,
295,4/28/25,2,5,4098,0.683,112202,930,11:31:32,1329,Juvenile Parrotfish,4,Turf,
296,4/28/25,2,5,4098,0.683,112202,930,11:31:32,1329,Stethojulis bandanesis ,4,Turf,
297,4/28/25,2,5,4098,0.683,112202,1057,11:32:59,1329,Ctenochaetus striatus,3,Turf,
298,4/28/25,2,5,4098,0.683,112202,1219,11:34:21,1329,Ctenochaetus striatus,3,Turf,
299,4/28/25,2,5,4098,0.683,112202,1309,11:35:11,1329,Juvenile Parrotfish,2,Turf,
307,4/28/25,2,5,4098,0.683,113533,25,11:35:58,111,Ctenochaetus striatus,4,Turf,
308,4/28/25,2,5,4098,0.683,113533,26,11:35:59,111,Stethojulius bandanesis,3,Turf,
156,4/28/25,2,6,4139,0.689833333,105251,217,10:55:08,1328,Acanthurus nigrofuscus,20,Turb,
157,4/28/25,2,6,4139,0.689833333,105251,222,10:55:13,1328,Thalassoma hardwicke,2,Turb,
158,4/28/25,2,6,4139,0.689833333,105251,330,10:56:21,1328,Acanthurus nigrofuscus,4,Turb,
159,4/28/25,2,6,4139,0.689833333,105251,1148,11:04:39,1328,Acanthurus nigrofuscus,12,Turb,
215,4/28/25,2,6,4139,0.689833333,110621,13,11:06:34,1329,Acanthurus nigrofuscus,27,Turb,
216,4/28/25,2,6,4139,0.689833333,110621,400,11:10:21,1329,Acanthurus nigrofuscus,23,Turb,
217,4/28/25,2,6,4139,0.689833333,110621,550,11:12:11,1329,Acanthurus nigrofuscus,8,Turb,
218,4/28/25,2,6,4139,0.689833333,110621,717,11:13:38,1329,Acanthurus nigrofuscus,35,Turb,spans to 08:01
219,4/28/25,2,6,4139,0.689833333,110621,943,11:16:04,1329,Acanthurus nigrofuscus,8,Turb,
267,4/28/25,2,6,4139,0.689833333,111952,114,11:21:06,1329,Acanthurus nigrofuscus,17,Turb,
268,4/28/25,2,6,4139,0.689833333,111952,322,11:23:14,1329,Thalassoma hardwicke,2,Turb,
269,4/28/25,2,6,4139,0.689833333,111952,326,11:23:18,1329,Acanthurus nigrofuscus,10,Turb,
270,4/28/25,2,6,4139,0.689833333,111952,453,11:24:45,1329,Thalassoma hardwicke,1,Turb,
271,4/28/25,2,6,4139,0.689833333,111952,527,11:25:19,1329,Acanthurus nigrofuscus,2,Turb,
272,4/28/25,2,6,4139,0.689833333,111952,653,11:26:45,1329,Zebrasoma scopas,2,Turb,
273,4/28/25,2,6,4139,0.689833333,111952,727,11:27:19,1329,Acanthurus nigrofuscus,2,Turb,
274,4/28/25,2,6,4139,0.689833333,111952,1009,11:30:01,1329,Acanthurus nigrofuscus,8,Turb,
275,4/28/25,2,6,4139,0.689833333,111952,1243,11:32:35,1329,Acanthurus nigrofuscus,12,Turb,
306,4/28/25,2,6,4139,0.689833333,113324,0,11:33:24,153,,0,Turb,
127,4/28/25,2,7,4329,0.7215,105132,102,10:52:34,1329,Ctenochaetus striatus,9,Turf,
128,4/28/25,2,7,4329,0.7215,105132,207,10:53:39,1329,Acanthurus nigrofuscus,6,Turf,
129,4/28/25,2,7,4329,0.7215,105132,248,10:54:20,1329,Ctenochaetus striatus,25,Turf,
130,4/28/25,2,7,4329,0.7215,105132,417,10:55:49,1329,Ctenochaetus striatus,15,Turf,
131,4/28/25,2,7,4329,0.7215,105132,424,10:55:56,1329,Zebrasoma scopas,50,Turf,scavenged to 6:08
132,4/28/25,2,7,4329,0.7215,105132,439,10:56:11,1329,Ctenochaetus striatus,24,Turf,
133,4/28/25,2,7,4329,0.7215,105132,442,10:56:14,1329,Ctenochaetus striatus,8,Turf,
134,4/28/25,2,7,4329,0.7215,105132,440,10:56:12,1329,Ctenochaetus striatus,23,Turf,
135,4/28/25,2,7,4329,0.7215,105132,546,10:57:18,1329,Ctenochaetus striatus,8,Turf,
136,4/28/25,2,7,4329,0.7215,105132,620,10:57:52,1329,Ctenochaetus striatus,12,Turf,
137,4/28/25,2,7,4329,0.7215,105132,626,10:57:58,1329,Zebrasoma scopas,10,Turf,
138,4/28/25,2,7,4329,0.7215,105132,722,10:58:54,1329,Acanthurus nigrofuscus,12,Turf,
139,4/28/25,2,7,4329,0.7215,105132,728,10:59:00,1329,Ctenochaetus striatus,17,Turf,
140,4/28/25,2,7,4329,0.7215,105132,831,11:00:03,1329,Ctenochaetus striatus,10,Turf,
141,4/28/25,2,7,4329,0.7215,105132,838,11:00:10,1329,Acanthurus nigrofuscus,11,Turf,
142,4/28/25,2,7,4329,0.7215,105132,844,11:00:16,1329,Ctenochaetus striatus,20,Turf,
143,4/28/25,2,7,4329,0.7215,105132,913,11:00:45,1329,Zebrasoma scopas,19,Turf,Scavenged to 10:57
144,4/28/25,2,7,4329,0.7215,105132,918,11:00:50,1329,Acanthurus nigrofuscus,12,Turf,
145,4/28/25,2,7,4329,0.7215,105132,1023,11:01:55,1329,Ctenochaetus striatus,3,Turf,
146,4/28/25,2,7,4329,0.7215,105132,1028,11:02:00,1329,Chlorurus sordidus,2,Turf,
147,4/28/25,2,7,4329,0.7215,105132,1030,11:02:02,1329,Chlorurus sordidus,6,Turf,
148,4/28/25,2,7,4329,0.7215,105132,1037,11:02:09,1329,Chlorurus sordidus,10,Turf,
149,4/28/25,2,7,4329,0.7215,105132,1045,11:02:17,1329,Chlorurus sordidus,1,Turf,
150,4/28/25,2,7,4329,0.7215,105132,1038,11:02:10,1329,Ctenochaetus striatus,2,Turf,
151,4/28/25,2,7,4329,0.7215,105132,1051,11:02:23,1329,Zebrasoma scopas,6,Turf,
152,4/28/25,2,7,4329,0.7215,105132,1127,11:02:59,1329,Acanthurus nigrofuscus,15,Turf,
153,4/28/25,2,7,4329,0.7215,105132,1209,11:03:41,1329,Ctenochaetus striatus,10,Turf,
154,4/28/25,2,7,4329,0.7215,105132,1251,11:04:23,1329,Ctenochaetus striatus,20,Turf,
155,4/28/25,2,7,4329,0.7215,105132,1318,11:04:50,1329,Thalassoma hardwicke,1,Turf,
188,4/28/25,2,7,4329,0.7215,110503,2,11:05:05,1329,Acanthurus nigrofuscus,7,Turf,
189,4/28/25,2,7,4329,0.7215,110503,56,11:05:59,1329,Ctenochaetus striatus,13,Turf,
190,4/28/25,2,7,4329,0.7215,110503,128,11:06:31,1329,Acanthurus nigrofuscus,9,Turf,
191,4/28/25,2,7,4329,0.7215,110503,205,11:07:08,1329,Zebrasoma scopas,3,Turf,
192,4/28/25,2,7,4329,0.7215,110503,219,11:07:22,1329,Ctenochaetus striatus,5,Turf,
193,4/28/25,2,7,4329,0.7215,110503,232,11:07:35,1329,Acanthurus nigrofuscus,29,Turf,
194,4/28/25,2,7,4329,0.7215,110503,317,11:08:20,1329,Acanthurus nigrofuscus,19,Turf,
195,4/28/25,2,7,4329,0.7215,110503,359,11:09:02,1329,Acanthurus nigrofuscus,13,Turf,
196,4/28/25,2,7,4329,0.7215,110503,433,11:09:36,1329,Acanthurus nigrofuscus,1,Turf,
197,4/28/25,2,7,4329,0.7215,110503,434,11:09:37,1329,Zebrasoma scopas,64,Turf,
198,4/28/25,2,7,4329,0.7215,110503,503,11:10:06,1329,Chlorurus sordidus,1,Turf,
199,4/28/25,2,7,4329,0.7215,110503,520,11:10:23,1329,Ctenochaetus striatus,7,Turf,
200,4/28/25,2,7,4329,0.7215,110503,619,11:11:22,1329,Ctenochaetus striatus,44,Turf,
201,4/28/25,2,7,4329,0.7215,110503,648,11:11:51,1329,Acanthurus nigrofuscus,38,Turf,
202,4/28/25,2,7,4329,0.7215,110503,729,11:12:32,1329,Ctenochaetus striatus,28,Turf,
203,4/28/25,2,7,4329,0.7215,110503,736,11:12:39,1329,Acanthurus nigrofuscus,37,Turf,
204,4/28/25,2,7,4329,0.7215,110503,838,11:13:41,1329,Ctenochaetus striatus,9,Turf,
205,4/28/25,2,7,4329,0.7215,110503,852,11:13:55,1329,Acanthurus nigrofuscus,18,Turf,
206,4/28/25,2,7,4329,0.7215,110503,947,11:14:50,1329,Ctenochaetus striatus,14,Turf,
207,4/28/25,2,7,4329,0.7215,110503,944,11:14:47,1329,Acanthurus nigrofuscus,13,Turf,
208,4/28/25,2,7,4329,0.7215,110503,1116,11:16:19,1329,Ctenochaetus striatus,5,Turf,
209,4/28/25,2,7,4329,0.7215,110503,1056,11:15:59,1329,Zebrasoma scopas,11,Turf,spans to 1156
210,4/28/25,2,7,4329,0.7215,110503,1217,11:17:20,1329,Chlorurus sordidus,8,Turf,
211,4/28/25,2,7,4329,0.7215,110503,1221,11:17:24,1329,Chlorurus sordidus,7,Turf,
212,4/28/25,2,7,4329,0.7215,110503,1222,11:17:25,1329,Chlorurus sordidus,6,Turf,
213,4/28/25,2,7,4329,0.7215,110503,1228,11:17:31,1329,Ctenochaetus striatus,13,Turf,
214,4/28/25,2,7,4329,0.7215,110503,1312,11:18:15,1329,Acanthurus nigrofuscus,3,Turf,
245,4/28/25,2,7,4329,0.7215,111834,105,11:19:39,1329,Acanthurus nigrofuscus,26,Turf,
246,4/28/25,2,7,4329,0.7215,111834,117,11:19:51,1329,Ctenochaetus striatus,3,Turf,
247,4/28/25,2,7,4329,0.7215,111834,145,11:20:19,1329,Ctenochaetus striatus,16,Turf,
248,4/28/25,2,7,4329,0.7215,111834,242,11:21:16,1329,Ctenochaetus striatus,15,Turf,
249,4/28/25,2,7,4329,0.7215,111834,258,11:21:32,1329,Acanthurus nigrofuscus,9,Turf,
250,4/28/25,2,7,4329,0.7215,111834,439,11:23:13,1329,Acanthurus nigrofuscus,19,Turf,
251,4/28/25,2,7,4329,0.7215,111834,447,11:23:21,1329,Ctenochaetus striatus,12,Turf,
252,4/28/25,2,7,4329,0.7215,111834,611,11:24:45,1329,Ctenochaetus striatus,11,Turf,
253,4/28/25,2,7,4329,0.7215,111834,613,11:24:47,1329,Acanthurus nigrofuscus,39,Turf,
254,4/28/25,2,7,4329,0.7215,111834,632,11:25:06,1329,Chlorurus sordidus,3,Turf,
255,4/28/25,2,7,4329,0.7215,111834,643,11:25:17,1329,Acanthurus nigrofuscus,2,Turf,
256,4/28/25,2,7,4329,0.7215,111834,658,11:25:32,1329,Ctenochaetus striatus,8,Turf,
257,4/28/25,2,7,4329,0.7215,111834,726,11:26:00,1329,Zebrasoma scopas,30,Turf,
258,4/28/25,2,7,4329,0.7215,111834,757,11:26:31,1329,Ctenochaetus striatus,20,Turf,
259,4/28/25,2,7,4329,0.7215,111834,816,11:26:50,1329,Acanthurus nigrofuscus,17,Turf,
260,4/28/25,2,7,4329,0.7215,111834,856,11:27:30,1329,Acanthurus nigrofuscus,14,Turf,
261,4/28/25,2,7,4329,0.7215,111834,906,11:27:40,1329,Ctenochaetus striatus,25,Turf,
262,4/28/25,2,7,4329,0.7215,111834,930,11:28:04,1329,Ctenochaetus striatus,12,Turf,
263,4/28/25,2,7,4329,0.7215,111834,1024,11:28:58,1329,Ctenochaetus striatus,11,Turf,
264,4/28/25,2,7,4329,0.7215,111834,1049,11:29:23,1329,Acanthurus nigrofuscus,22,Turf,
265,4/28/25,2,7,4329,0.7215,111834,1234,11:31:08,1329,Ctenochaetus striatus,17,Turf,
266,4/28/25,2,7,4329,0.7215,111834,1324,11:31:58,1329,Acanthurus nigrofuscus,14,Turf,
302,4/28/25,2,7,4329,0.7215,113205,0,11:32:05,252,Acanthurus nigrofuscus,6,Turf,
303,4/28/25,2,7,4329,0.7215,113205,18,11:32:23,252,Ctenochaetus striatus,21,Turf,
304,4/28/25,2,7,4329,0.7215,113205,107,11:33:12,252,Ctenochaetus striatus,14,Turf,
305,4/28/25,2,7,4329,0.7215,113205,227,11:34:32,252,Acanthurus nigrofuscus,5,Turf,
119,4/28/25,2,8,4426,0.737666667,105040,505,10:55:45,1329,Cheilodipterus quinquelineatus,2,Turb,*
120,4/28/25,2,8,4426,0.737666667,105040,507,10:55:47,1329,Labroides rubrolabiatus,2,Turb,
121,4/28/25,2,8,4426,0.737666667,105040,648,10:57:28,1329,Labroides rubrolabiatus,2,Turb,
122,4/28/25,2,8,4426,0.737666667,105040,650,10:57:30,1329,Labroides rubrolabiatus,1,Turb,
123,4/28/25,2,8,4426,0.737666667,105040,815,10:58:55,1329,Cheilodipterus quinquelineatus,2,Turb,*
124,4/28/25,2,8,4426,0.737666667,105040,816,10:58:56,1329,Labroides rubrolabiatus,1,Turb,
125,4/28/25,2,8,4426,0.737666667,105040,1021,11:01:01,1329,Labroides rubrolabiatus,3,Turb,
126,4/28/25,2,8,4426,0.737666667,105040,1131,11:02:11,1329,Labroides rubrolabiatus,1,Turb,
170,4/28/25,2,8,4426,0.737666667,110411,18,11:04:29,1329,Ctenochaetus striatus,4,Turb,"Additionally, 7 bites on turf"
171,4/28/25,2,8,4426,0.737666667,110411,144,11:05:55,1329,Labroides rubrolabiatus,6,Turb,
172,4/28/25,2,8,4426,0.737666667,110411,159,11:06:10,1329,Juvenile Parrotfish,5,Turb,initial bulletnose
173,4/28/25,2,8,4426,0.737666667,110411,233,11:06:44,1329,Labroides rubrolabiatus,3,Turb,
174,4/28/25,2,8,4426,0.737666667,110411,234,11:06:45,1329,Juvenile Parrotfish,1,Turb,initial bulletnose
175,4/28/25,2,8,4426,0.737666667,110411,245,11:06:56,1329,Juvenile Parrotfish,3,Turb,
176,4/28/25,2,8,4426,0.737666667,110411,249,11:07:00,1329,Labroides rubrolabiatus,5,Turb,
177,4/28/25,2,8,4426,0.737666667,110411,309,11:07:20,1329,Acanthurus nigrofuscus,6,Turb,
178,4/28/25,2,8,4426,0.737666667,110411,315,11:07:26,1329,Juvenile Parrotfish,6,Turb,initial bulletnose
179,4/28/25,2,8,4426,0.737666667,110411,316,11:07:27,1329,Labroides rubrolabiatus,6,Turb,
180,4/28/25,2,8,4426,0.737666667,110411,532,11:09:43,1329,Juvenile Parrotfish,4,Turb,initial bulletnose
181,4/28/25,2,8,4426,0.737666667,110411,603,11:10:14,1329,Ctenochaetus striatus,3,Turb,
182,4/28/25,2,8,4426,0.737666667,110411,714,11:11:25,1329,Cheilodipterus quinquelineatus,1,Turb,initial bulletnose
183,4/28/25,2,8,4426,0.737666667,110411,742,11:11:53,1329,Parupeneus multifasciatus ,2,Turb,
184,4/28/25,2,8,4426,0.737666667,110411,836,11:12:47,1329,Chlorurus sordidus,1,Turb,
185,4/28/25,2,8,4426,0.737666667,110411,1104,11:15:15,1329,Cheilodipterus quinquelineatus,1,Turb,initial bulletnose 
186,4/28/25,2,8,4426,0.737666667,110411,1127,11:15:38,1329,Chlorurus sordidus,2,Turb,
187,4/28/25,2,8,4426,0.737666667,110411,1208,11:16:19,1329,Cheilodipterus quinquelineatus,1,Turb,initial bulletnose
242,4/28/25,2,8,4426,0.737666667,111742,336,11:21:18,1329,Acanthurus nigrofuscus,19,Turb,
243,4/28/25,2,8,4426,0.737666667,111742,716,11:24:58,1329,Acanthurus nigrofuscus,12,Turb,
244,4/28/25,2,8,4426,0.737666667,111742,909,11:26:51,1329,Acanthurus nigrofuscus,13,Turb,
300,4/28/25,2,8,4426,0.737666667,113113,23,11:31:36,439,Acanthurus nigrofuscus,11,Turb,
301,4/28/25,2,8,4426,0.737666667,113113,345,11:34:58,439,Stethojulis bandanesis ,2,Turb,
327,4/29/25,3,9,1471,0.245166667,93412,,9:34:12,1328,,0,Turb,
334,4/29/25,3,9,1471,0.245166667,94742,,9:47:42,143,,0,Turb,video cut short by surge
309,4/29/25,3,10,1765,0.294166667,93057,130,9:32:27,1329,Ctenochaetus striatus,1,Turf,
310,4/29/25,3,10,1765,0.294166667,93057,322,9:34:19,1329,Acanthurus nigrofuscus,15,Turf,
311,4/29/25,3,10,1765,0.294166667,93057,344,9:34:41,1329,Thalassoma hardwicke,1,Turf,
312,4/29/25,3,10,1765,0.294166667,93057,429,9:35:26,1329,Acanthurus nigrofuscus,20,Turf,
313,4/29/25,3,10,1765,0.294166667,93057,450,9:35:47,1329,Ctenochaetus striatus,6,Turf,
314,4/29/25,3,10,1765,0.294166667,93057,515,9:36:12,1329,Ctenochaetus striatus,12,Turf,
315,4/29/25,3,10,1765,0.294166667,93057,723,9:38:20,1329,Juvenile Parrotfish,12,Turf,
316,4/29/25,3,10,1765,0.294166667,93057,732,9:38:29,1329,Juvenile Parrotfish,9,Turf,
317,4/29/25,3,10,1765,0.294166667,93057,812,9:39:09,1329,Acanthurus nigrofuscus,8,Turf,
318,4/29/25,3,10,1765,0.294166667,93057,859,9:39:56,1329,Ctenochaetus striatus,8,Turf,
319,4/29/25,3,10,1765,0.294166667,93057,1015,9:41:12,1329,Ctenochaetus striatus,13,Turf,
320,4/29/25,3,10,1765,0.294166667,93057,1035,9:41:32,1329,Zebrasoma scopas,9,Turf,
321,4/29/25,3,10,1765,0.294166667,93057,1139,9:42:36,1329,Ctenochaetus striatus,19,Turf,
329,4/29/25,3,10,1765,0.294166667,94427,235,9:47:02,1328,Ctenochaetus striatus,9,Turf,
330,4/29/25,3,10,1765,0.294166667,94427,335,9:48:02,1328,Ctenochaetus striatus,6,Turf,
331,4/29/25,3,10,1765,0.294166667,94427,352,9:48:19,438,Ctenochaetus striatus,3,Turf, video cut short by surge
328,4/29/25,3,11,5822,0.970333333,93552,1054,9:46:46,1329,Acanthurus nigrofuscus,2,Turf,
335,4/29/25,3,11,5822,0.970333333,94923,508,9:54:31,1328,Zebrasoma scopas,2,Turf,
336,4/29/25,3,11,5822,0.970333333,94923,730,9:56:53,1328,Ctenochaetus striatus,4,Turf,
339,4/29/25,3,11,5822,0.970333333,100253,1144,10:14:37,1329,Juvenile Parrotfish,1,Turf,
344,4/29/25,3,11,5822,0.970333333,101624,2478,10:41:42,1329,Ostracion meleagris,2,Turf,
345,4/29/25,3,11,5822,0.970333333,101624,606,10:22:30,1329,Scarus rubroviolaceus,2,Turf,redlip? adult
346,4/29/25,3,11,5822,0.970333333,101624,619,10:22:43,1329,Juvenile Parrotfish,2,Turf,
347,4/29/25,3,11,5822,0.970333333,101624,1003,10:26:27,1329,Ctenochaetus striatus,1,Turf,
348,4/29/25,3,11,5822,0.970333333,102954,14,10:30:08,507,Ctenochaetus striatus,7,Turf,
349,4/29/25,3,11,5822,0.970333333,102954,348,10:33:42,507,Ctenochaetus striatus,7,Turf,
322,4/29/25,3,12,6436,1.072666667,93145,220,9:34:05,1329,Acanthurus nigrofuscus,10,Turb,
323,4/29/25,3,12,6436,1.072666667,93145,354,9:35:39,1329,Acanthurus nigrofuscus,3,Turb,
324,4/29/25,3,12,6436,1.072666667,93145,456,9:36:41,1329,Acanthurus nigrofuscus,5,Turb,
325,4/29/25,3,12,6436,1.072666667,93145,642,9:38:27,1329,Acanthurus nigrofuscus,3,Turb,
326,4/29/25,3,12,6436,1.072666667,93145,844,9:40:29,1329,Acanthurus nigrofuscus,5,Turb,
332,4/29/25,3,12,6436,1.072666667,94515,148,9:47:03,1329,Acanthurus nigrofuscus,27,Turb,
333,4/29/25,3,12,6436,1.072666667,94515,1038,9:55:53,1329,Acanthurus nigrofuscus,4,Turb,
337,4/29/25,3,12,6436,1.072666667,95846,117,10:00:03,1329,Acanthurus nigrofuscus,1,Turb,
338,4/29/25,3,12,6436,1.072666667,95846,812,10:06:58,1329,Acanthurus nigrofuscus,4,Turb,
340,4/29/25,3,12,6436,1.072666667,101217,201,10:14:18,1329,Acanthurus nigrofuscus,3,Turb,
341,4/29/25,3,12,6436,1.072666667,101217,437,10:16:54,1329,Acanthurus nigrofuscus,2,Turb,
342,4/29/25,3,12,6436,1.072666667,101217,1020,10:22:37,1329,Acanthurus nigrofuscus,5,Turb,
343,4/29/25,3,12,6436,1.072666667,102548,910,10:34:58,1120,Acanthurus nigrofuscus,4,Turb,
367,4/30/25,4,13,6158,1.026333333,93018,145,9:32:03,1329,Ctenochaetus striatus,4,Turf,
368,4/30/25,4,13,6158,1.026333333,93018,322,9:33:40,1329,Ctenochaetus striatus,16,Turf,
369,4/30/25,4,13,6158,1.026333333,93018,349,9:34:07,1329,Chlorurus sordidus,55,Turf,
370,4/30/25,4,13,6158,1.026333333,93018,435,9:34:53,1329,Acanthurus nigrofuscus,26,Turf,
371,4/30/25,4,13,6158,1.026333333,93018,455,9:35:13,1329,Ctenochaetus striatus,7,Turf,
372,4/30/25,4,13,6158,1.026333333,93018,455,9:35:13,1329,Chlorurus sordidus,39,Turf,
373,4/30/25,4,13,6158,1.026333333,93018,717,9:37:35,1329,Chlorurus sordidus,8,Turf,Terminal/female phase?
374,4/30/25,4,13,6158,1.026333333,93018,817,9:38:35,1329,Ctenochaetus striatus,3,Turf,
375,4/30/25,4,13,6158,1.026333333,93018,1035,9:40:53,1329,Ctenochaetus striatus,2,Turf,
376,4/30/25,4,13,6158,1.026333333,93018,1140,9:41:58,1329,Chlorurus sordidus,1,Turf,
387,4/30/25,4,13,6158,1.026333333,94349,35,9:44:24,1329,Zebrasoma scopas,16,Turf,
388,4/30/25,4,13,6158,1.026333333,94349,155,9:45:44,1329,Chlorurus sordidus,16,Turf,
389,4/30/25,4,13,6158,1.026333333,94349,158,9:45:47,1329,Scarus psittacus ,3,Turf,
390,4/30/25,4,13,6158,1.026333333,94349,159,9:45:48,1329,Juvenile parrotfish,30,Turf,
391,4/30/25,4,13,6158,1.026333333,94349,159,9:45:48,1329,Juvenile parrotfish,29,Turf,
392,4/30/25,4,13,6158,1.026333333,94349,159,9:45:48,1329,Juvenile parrotfish,24,Turf,
393,4/30/25,4,13,6158,1.026333333,94349,202,9:45:51,1329,Juvenile parrotfish,18,Turf,
394,4/30/25,4,13,6158,1.026333333,94349,207,9:45:56,1329,Juvenile parrotfish,11,Turf,
395,4/30/25,4,13,6158,1.026333333,94349,210,9:45:59,1329,Juvenile parrotfish,2,Turf,
396,4/30/25,4,13,6158,1.026333333,94349,202,9:45:51,1329,Acanthurus nigrofuscus,15,Turf,
397,4/30/25,4,13,6158,1.026333333,94349,209,9:45:58,1329,Ctenochaetus striatus,1,Turf,
398,4/30/25,4,13,6158,1.026333333,94349,235,9:46:24,1329,Ctenochaetus striatus,8,Turf,
399,4/30/25,4,13,6158,1.026333333,94349,241,9:46:30,1329,Ctenochaetus striatus,8,Turf,
400,4/30/25,4,13,6158,1.026333333,94349,307,9:46:56,1329,Ctenochaetus striatus,2,Turf,
401,4/30/25,4,13,6158,1.026333333,94349,310,9:46:59,1329,Ctenochaetus striatus,6,Turf,
402,4/30/25,4,13,6158,1.026333333,94349,721,9:51:10,1329,Balistapus undulatus,1,Turf,
403,4/30/25,4,13,6158,1.026333333,94349,1033,9:54:22,1329,Zebrasoma scopas,9,Turf,
404,4/30/25,4,13,6158,1.026333333,94349,1305,9:56:54,1329,Centropyge flavissima ,10,Turf,
405,4/30/25,4,13,6158,1.026333333,94349,1322,9:57:11,1329,Acanthurus nigrofuscus,6,Turf,
418,4/30/25,4,13,6158,1.026333333,95720,18,9:57:38,1329,Ctenochaetus striatus,9,Turf,
419,4/30/25,4,13,6158,1.026333333,95720,151,9:59:11,1329,Scarus psittacus ,18,Turf,
420,4/30/25,4,13,6158,1.026333333,95720,334,10:00:54,1329,Juvenile parrotfish,5,Turf,
421,4/30/25,4,13,6158,1.026333333,95720,344,10:01:04,1329,Ctenochaetus striatus,15,Turf,
422,4/30/25,4,13,6158,1.026333333,95720,348,10:01:08,1329,Scarus psittacus ,9,Turf,
423,4/30/25,4,13,6158,1.026333333,95720,413,10:01:33,1329,Centropyge flavissima ,3,Turf,
424,4/30/25,4,13,6158,1.026333333,95720,512,10:02:32,1329,Chlorurus sordidus,3,Turf,
425,4/30/25,4,13,6158,1.026333333,95720,516,10:02:36,1329,Juvenile parrotfish,4,Turf,
426,4/30/25,4,13,6158,1.026333333,95720,529,10:02:49,1329,Chlorurus sordidus,2,Turf,
427,4/30/25,4,13,6158,1.026333333,95720,601,10:03:21,1329,Scarus psittacus ,9,Turf,
428,4/30/25,4,13,6158,1.026333333,95720,606,10:03:26,1329,Scarus psittacus ,10,Turf,
429,4/30/25,4,13,6158,1.026333333,95720,735,10:04:55,1329,Ctenochaetus striatus,9,Turf,
430,4/30/25,4,13,6158,1.026333333,95720,738,10:04:58,1329,Zebrasoma scopas,12,Turf,
431,4/30/25,4,13,6158,1.026333333,95720,907,10:06:27,1329,Zebrasoma scopas,11,Turf,
432,4/30/25,4,13,6158,1.026333333,95720,947,10:07:07,1329,Ctenochaetus striatus,3,Turf,
433,4/30/25,4,13,6158,1.026333333,95720,954,10:07:14,1329,Zebrasoma scopas,5,Turf,
434,4/30/25,4,13,6158,1.026333333,95720,1029,10:07:49,1329,Chlorurus sordidus,4,Turf,
435,4/30/25,4,13,6158,1.026333333,95720,1051,10:08:11,1329,Juvenile parrotfish,5,Turf,
436,4/30/25,4,13,6158,1.026333333,95720,1156,10:09:16,1329,Scarus psittacus ,3,Turf,
437,4/30/25,4,13,6158,1.026333333,95720,1212,10:09:32,1329,Scarus psittacus ,2,Turf,
438,4/30/25,4,13,6158,1.026333333,95720,1239,10:09:59,1329,Acanthurus nigrofuscus,22,Turf,
439,4/30/25,4,13,6158,1.026333333,95720,1241,10:10:01,1329,Scarus psittacus ,9,Turf,
440,4/30/25,4,13,6158,1.026333333,95720,1243,10:10:03,1329,Chlorurus sordidus,4,Turf,
463,4/30/25,4,13,6158,1.026333333,101051,100,10:11:51,1329,Ctenochaetus striatus,1,Turf,
464,4/30/25,4,13,6158,1.026333333,101051,109,10:12:00,1329,Ctenochaetus striatus,1,Turf,
465,4/30/25,4,13,6158,1.026333333,101051,216,10:13:07,1329,Zebrasoma scopas,16,Turf,
466,4/30/25,4,13,6158,1.026333333,101051,516,10:16:07,1329,Juvenile parrotfish,4,Turf,
467,4/30/25,4,13,6158,1.026333333,101051,518,10:16:09,1329,Scarus psittacus ,1,Turf,
468,4/30/25,4,13,6158,1.026333333,101051,520,10:16:11,1329,Scarus psittacus ,19,Turf,
469,4/30/25,4,13,6158,1.026333333,101051,530,10:16:21,1329,Scarus psittacus ,2,Turf,
470,4/30/25,4,13,6158,1.026333333,101051,534,10:16:25,1329,Scarus psittacus ,2,Turf,
471,4/30/25,4,13,6158,1.026333333,101051,540,10:16:31,1329,Juvenile parrotfish,2,Turf,
472,4/30/25,4,13,6158,1.026333333,101051,643,10:17:34,1329,Acanthurus nigrofuscus,53,Turf,
473,4/30/25,4,13,6158,1.026333333,101051,727,10:18:18,1329,Scarus psittacus ,19,Turf,
474,4/30/25,4,13,6158,1.026333333,101051,743,10:18:34,1329,Acanthurus nigrofuscus,3,Turf,
475,4/30/25,4,13,6158,1.026333333,101051,752,10:18:43,1329,Scarus psittacus ,10,Turf,
476,4/30/25,4,13,6158,1.026333333,101051,820,10:19:11,1329,Chlorurus sordidus,17,Turf,
477,4/30/25,4,13,6158,1.026333333,101051,837,10:19:28,1329,Chlorurus sordidus,8,Turf,
478,4/30/25,4,13,6158,1.026333333,101051,838,10:19:29,1329,Scarus psittacus ,15,Turf,
479,4/30/25,4,13,6158,1.026333333,101051,845,10:19:36,1329,Scarus psittacus ,3,Turf,
480,4/30/25,4,13,6158,1.026333333,101051,956,10:20:47,1329,Chlorurus sordidus,8,Turf,
481,4/30/25,4,13,6158,1.026333333,101051,958,10:20:49,1329,Juvenile parrotfish,12,Turf,
482,4/30/25,4,13,6158,1.026333333,101051,1001,10:20:52,1329,Scarus psittacus ,18,Turf,
483,4/30/25,4,13,6158,1.026333333,101051,1009,10:21:00,1329,Chlorurus sordidus,3,Turf,
484,4/30/25,4,13,6158,1.026333333,101051,1016,10:21:07,1329,Scarus psittacus ,5,Turf,
485,4/30/25,4,13,6158,1.026333333,101051,1036,10:21:27,1329,Chlorurus sordidus,9,Turf,
486,4/30/25,4,13,6158,1.026333333,101051,1107,10:21:58,1329,Chlorurus sordidus,1,Turf,
487,4/30/25,4,13,6158,1.026333333,101051,1133,10:22:24,1329,Zebrasoma scopas,40,Turf,
488,4/30/25,4,13,6158,1.026333333,101051,1134,10:22:25,1329,Chlorurus sordidus,8,Turf,
489,4/30/25,4,13,6158,1.026333333,101051,1311,10:24:02,1329,Scarus psittacus ,26,Turf,
496,4/30/25,4,13,6158,1.026333333,102421,0,10:24:21,842,Scarus psittacus ,6,Turf,
497,4/30/25,4,13,6158,1.026333333,102421,24,10:24:45,842,Scarus psittacus ,12,Turf,
498,4/30/25,4,13,6158,1.026333333,102421,205,10:26:26,842,Juvenile parrotfish,11,Turf,
499,4/30/25,4,13,6158,1.026333333,102421,205,10:26:26,842,Scarus psittacus ,16,Turf,
500,4/30/25,4,13,6158,1.026333333,102421,221,10:26:42,842,Chlorurus sordidus,1,Turf,
501,4/30/25,4,13,6158,1.026333333,102421,234,10:26:55,842,Scarus psittacus ,1,Turf,
502,4/30/25,4,13,6158,1.026333333,102421,339,10:28:00,842,Chlorurus sordidus,4,Turf,
503,4/30/25,4,13,6158,1.026333333,102421,348,10:28:09,842,Ctenochaetus striatus,5,Turf,
504,4/30/25,4,13,6158,1.026333333,102421,406,10:28:27,842,Scarus psittacus ,6,Turf,
505,4/30/25,4,13,6158,1.026333333,102421,414,10:28:35,842,Ctenochaetus striatus,5,Turf,
506,4/30/25,4,13,6158,1.026333333,102421,417,10:28:38,842,Chlorurus sordidus,1,Turf,
507,4/30/25,4,13,6158,1.026333333,102421,424,10:28:45,842,Chlorurus sordidus,1,Turf,
364,4/30/25,4,14,6248,1.041333333,92925,550,9:35:15,1328,Ctenochaetus striatus,2,Turb,
365,4/30/25,4,14,6248,1.041333333,92925,1035,9:40:00,1328,Thalassoma hardwicke,2,Turb,
366,4/30/25,4,14,6248,1.041333333,92925,1119,9:40:44,1328,Stethojulis bandanesis ,1,Turb,
384,4/30/25,4,14,6248,1.041333333,94255,47,9:43:42,1328,Chaetodon vagabundus,1,Turb,
385,4/30/25,4,14,6248,1.041333333,94255,127,9:44:22,1328,Chaetodon vagabundus,2,Turb,
386,4/30/25,4,14,6248,1.041333333,94255,227,9:45:22,1328,Thalassoma hardwicke,4,Turb,
417,4/30/25,4,14,6248,1.041333333,95625,347,10:00:12,1329,Zebrasoma scopas,4,Turb,
453,4/30/25,4,14,6248,1.041333333,100956,454,10:14:50,1329,Thalassoma hardwicke,2,Turb,
454,4/30/25,4,14,6248,1.041333333,100956,458,10:14:54,1329,Zebrasoma scopas,5,Turb,
455,4/30/25,4,14,6248,1.041333333,100956,543,10:15:39,1329,Zebrasoma scopas,4,Turb,
456,4/30/25,4,14,6248,1.041333333,100956,740,10:17:36,1329,Centropyge flavissima ,5,Turb,
457,4/30/25,4,14,6248,1.041333333,100956,808,10:18:04,1329,Centropyge flavissima ,8,Turb,
458,4/30/25,4,14,6248,1.041333333,100956,854,10:18:50,1329,Thalassoma hardwicke,2,Turb,
459,4/30/25,4,14,6248,1.041333333,100956,902,10:18:58,1329,Centropyge flavissima ,7,Turb,
460,4/30/25,4,14,6248,1.041333333,100956,906,10:19:02,1329,Ctenochaetus striatus,1,Turb,
461,4/30/25,4,14,6248,1.041333333,100956,1016,10:20:12,1329,Centropyge flavissima ,1,Turb,
462,4/30/25,4,14,6248,1.041333333,100956,1108,10:21:04,1329,Centropyge flavissima ,5,Turb,
495,4/30/25,4,14,6248,1.041333333,102327,611,10:29:38,934,Thalassoma hardwicke,1,Turb,
353,4/30/25,4,15,6320,1.053333333,92913,655,9:36:08,1329,Ctenochaetus striatus,8,Turf,
354,4/30/25,4,15,6320,1.053333333,92913,831,9:37:44,1329,Stethojulis bandanesis ,6,Turf,
355,4/30/25,4,15,6320,1.053333333,92913,902,9:38:15,1329,Stethojulis bandanesis ,4,Turf,
356,4/30/25,4,15,6320,1.053333333,92913,925,9:38:38,1329,Stethojulis bandanesis ,3,Turf,
357,4/30/25,4,15,6320,1.053333333,92913,1005,9:39:18,1329,Ctenochaetus striatus,14,Turf,
358,4/30/25,4,15,6320,1.053333333,92913,1033,9:39:46,1329,Stethojulis bandanesis ,11,Turf,
359,4/30/25,4,15,6320,1.053333333,92913,1125,9:40:38,1329,Stethojulis bandanesis ,4,Turf,
360,4/30/25,4,15,6320,1.053333333,92913,1149,9:41:02,1329,Stethojulis bandanesis ,1,Turf,
361,4/30/25,4,15,6320,1.053333333,92913,1206,9:41:19,1329,Acanthurus nigrofuscus,3,Turf,
362,4/30/25,4,15,6320,1.053333333,92913,1225,9:41:38,1329,Ctenochaetus striatus,32,Turf,
363,4/30/25,4,15,6320,1.053333333,92913,1259,9:42:12,1329,Acanthurus nigrofuscus,2,Turf,
381,4/30/25,4,15,6320,1.053333333,94244,1114,9:53:58,1329,Stethojulis bandanesis ,1,Turf,
382,4/30/25,4,15,6320,1.053333333,94244,1123,9:54:07,1329,Stethojulis bandanesis ,1,Turf,
383,4/30/25,4,15,6320,1.053333333,94244,1214,9:54:58,1329,Ctenochaetus striatus,35,Turf,
407,4/30/25,4,15,6320,1.053333333,95615,44,9:56:59,1329,Thalassoma hardwicke,1,Turf,
408,4/30/25,4,15,6320,1.053333333,95615,134,9:57:49,1329,Stethojulis bandanesis ,2,Turf,
409,4/30/25,4,15,6320,1.053333333,95615,211,9:58:26,1329,Ctenochaetus striatus,10,Turf,
410,4/30/25,4,15,6320,1.053333333,95615,255,9:59:10,1329,Thalassoma hardwicke,2,Turf,
411,4/30/25,4,15,6320,1.053333333,95615,256,9:59:11,1329,Ctenochaetus striatus,19,Turf,
412,4/30/25,4,15,6320,1.053333333,95615,545,10:02:00,1329,Juvenile parrotfish,3,Turf,
413,4/30/25,4,15,6320,1.053333333,95615,618,10:02:33,1329,Thalassoma hardwicke,4,Turf,
414,4/30/25,4,15,6320,1.053333333,95615,713,10:03:28,1329,Ctenochaetus striatus,3,Turf,
415,4/30/25,4,15,6320,1.053333333,95615,802,10:04:17,1329,Juvenile parrotfish,4,Turf,
416,4/30/25,4,15,6320,1.053333333,95615,1249,10:09:04,1329,Ctenochaetus striatus,2,Turf,
445,4/30/25,4,16,6430,1.053333333,100837,1209,10:20:46,1328,Acanthurus nigrofuscus,3,Turb,
446,4/30/25,4,15,6320,1.053333333,100946,141,10:11:27,1329,Ctenochaetus striatus,3,Turf,
447,4/30/25,4,15,6320,1.053333333,100946,420,10:14:06,1329,Stethojulis bandanesis ,16,Turf,
448,4/30/25,4,15,6320,1.053333333,100946,506,10:14:52,1329,Stethojulis bandanesis ,33,Turf,
449,4/30/25,4,15,6320,1.053333333,100946,656,10:16:42,1329,Ctenochaetus striatus,21,Turf,
450,4/30/25,4,15,6320,1.053333333,100946,742,10:17:28,1329,Stethojulis bandanesis ,17,Turf,
451,4/30/25,4,15,6320,1.053333333,100946,847,10:18:33,1329,Stethojulis bandanesis ,10,Turf,
452,4/30/25,4,15,6320,1.053333333,100946,940,10:19:26,1329,Stethojulis bandanesis ,2,Turf,
491,4/30/25,4,15,6320,1.053333333,102317,159,10:25:16,1004,Ctenochaetus striatus,5,Turf,
492,4/30/25,4,15,6320,1.053333333,102317,408,10:27:25,1004,Ctenochaetus striatus,5,Turf,
493,4/30/25,4,15,6320,1.053333333,102317,409,10:27:26,1004,Zebrasoma scopas,25,Turf,
494,4/30/25,4,15,6320,1.053333333,102317,631,10:29:48,1004,Ctenochaetus striatus,20,Turf,
350,4/30/25,4,16,6430,1.071666667,92805,425,9:32:30,1328,Thalassoma hardwicke,4,Turb,
351,4/30/25,4,16,6430,1.071666667,92805,517,9:33:22,1328,Acanthurus nigrofuscus,1,Turb,
352,4/30/25,4,16,6430,1.071666667,92805,612,9:34:17,1328,Acanthurus nigrofuscus,4,Turb,
377,4/30/25,4,16,6430,1.071666667,94135,344,9:45:19,1329,Acanthurus nigrofuscus,10,Turb,
378,4/30/25,4,16,6430,1.071666667,94135,529,9:47:04,1329,Acanthurus nigrofuscus,3,Turb,
379,4/30/25,4,16,6430,1.071666667,94135,1124,9:52:59,1329,Acanthurus nigrofuscus,1,Turb,
380,4/30/25,4,16,6430,1.071666667,94135,252,9:44:27,1329,Ctenochaetus striatus,20,Turb,
406,4/30/25,4,16,6430,1.071666667,95506,1241,10:07:47,1329,Acanthurus nigrofuscus,1,Turb,
441,4/30/25,4,16,6430,1.071666667,100837,415,10:12:52,1328,Ostracion meleagris,3,Turb,
442,4/30/25,4,16,6430,1.071666667,100837,457,10:13:34,1328,Ostracion meleagris,2,Turb,
443,4/30/25,4,16,6430,1.071666667,100837,812,10:16:49,1328,Acanthurus nigrofuscus,2,Turb,
444,4/30/25,4,16,6430,1.071666667,100837,1149,10:20:26,1328,Acanthurus nigrofuscus,6,Turb,
490,4/30/25,4,16,6430,1.071666667,102207,0,10:22:07,1116,,0,Turb,
548,5/3/25,5,17,5631,0.9385,83258,109,8:34:07,1329,Acanthurus nigrofuscus,7,Turb,
549,5/3/25,5,17,5631,0.9385,83258,150,8:34:48,1329,Acanthurus nigrofuscus,12,Turb,
550,5/3/25,5,17,5631,0.9385,84630,1043,8:57:13,1329,Thalassoma hardwicke,3,Turb,
551,5/3/25,5,17,5631,0.9385,84630,1112,8:57:42,1329,Thalassoma hardwicke,2,Turb,
552,5/3/25,5,17,5631,0.9385,84630,1246,8:59:16,1329,Acanthurus nigrofuscus,2,Turb,nibbled  on purple algae and turf in quadrat zone
553,5/3/25,5,17,5631,0.9385,90001,115,9:01:16,1329,Juvenile Parrotfish,17,Turb,"jp on turf in quadrat zone, 1 bite on turb"
554,5/3/25,5,17,5631,0.9385,90001,210,9:02:11,1329,Juvenile Parrotfish,5,Turb,
555,5/3/25,5,17,5631,0.9385,91333,50,9:14:23,1329,Juvenile Parrotfish,3,Turb,juvenile i think!
556,5/3/25,5,17,5631,0.9385,92704,0,9:27:04,500,,0,Turb,
523,5/3/25,5,18,5723,0.953833333,82955,1207,8:42:02,1328,Zebrasoma scopas,7,Turb,
524,5/3/25,5,18,5723,0.953833333,84326,144,8:45:10,1329,Zebrasoma scopas,8,Turb,
525,5/3/25,5,18,5723,0.953833333,84326,556,8:49:22,1329,Thalassoma hardwicke,3,Turb,
526,5/3/25,5,18,5723,0.953833333,84326,1110,8:54:36,1329,Zebrasoma scopas,3,Turb,
527,5/3/25,5,18,5723,0.953833333,84326,1221,8:55:47,1329,Thalassoma hardwicke,4,Turb,
528,5/3/25,5,18,5723,0.953833333,85656,154,8:58:50,1329,Zebrasoma scopas,7,Turb,
529,5/3/25,5,18,5723,0.953833333,85656,847,9:05:43,1329,Zebrasoma scopas,8,Turb,
530,5/3/25,5,18,5723,0.953833333,85656,1242,9:09:38,1329,Zebrasoma scopas,1,Turb,
531,5/3/25,5,18,5723,0.953833333,91027,224,9:12:51,1329,Acanthurus nigrofuscus,3,Turb,
532,5/3/25,5,18,5723,0.953833333,91027,504,9:15:31,1329,Zebrasoma scopas,14,Turb,
533,5/3/25,5,18,5723,0.953833333,91027,825,9:18:52,1329,Thalassoma hardwicke,3,Turb,
534,5/3/25,5,18,5723,0.953833333,91027,1213,9:22:40,1329,Zebrasoma scopas,10,Turb,
535,5/3/25,5,18,5723,0.953833333,91027,1310,9:23:37,1329,Acanthurus nigrofuscus,1,Turb,
536,5/3/25,5,18,5723,0.953833333,92358,125,9:25:23,408,Ctenochaetus striatus,4,Turb,
537,5/3/25,5,19,5815,0.969166667,83124,650,8:38:14,1329,Ctenochaetus striatus,17,Turf,
538,5/3/25,5,19,5815,0.969166667,84455,12,8:45:07,1329,Ctenochaetus striatus,7,Turf,
539,5/3/25,5,19,5815,0.969166667,84455,318,8:48:13,1329,Ctenochaetus striatus,2,Turf,
540,5/3/25,5,19,5815,0.969166667,84455,1126,8:56:21,1329,Juvenile Parrotfish,54,Turf,4 parrotfish combined at the same time
541,5/3/25,5,19,5815,0.969166667,85826,305,9:01:31,1329,Ctenochaetus striatus,18,Turf,
542,5/3/25,5,19,5815,0.969166667,85826,442,9:03:08,1329,Ctenochaetus striatus,6,Turf,
543,5/3/25,5,19,5815,0.969166667,85826,1102,9:09:28,1329,Ctenochaetus striatus,6,Turf,
544,5/3/25,5,19,5815,0.969166667,85826,1253,9:11:19,1329,Ctenochaetus striatus,3,Turf,
545,5/3/25,5,19,5815,0.969166667,91156,227,9:14:23,1328,Ctenochaetus striatus,11,Turf,
546,5/3/25,5,19,5815,0.969166667,92527,318,9:28:45,500,Ctenochaetus striatus,18,Turf,
547,5/3/25,5,19,5815,0.969166667,92527,420,9:29:47,500,Ctenochaetus striatus,4,Turf,
508,5/3/25,5,20,6645,1.1075,82926,235,8:32:01,1329,Acanthurus nigrofuscus,2,Turf,
509,5/3/25,5,20,6645,1.1075,82926,722,8:36:48,1329,Acanthurus nigrofuscus,3,Turf,
510,5/3/25,5,20,6645,1.1075,82926,826,8:37:52,1329,Ctenochaetus striatus,2,Turf,
511,5/3/25,5,20,6645,1.1075,82926,1137,8:41:03,1329,Ctenochaetus striatus,4,Turf,
512,5/3/25,5,20,6645,1.1075,84257,920,8:52:17,1329,Zebrasoma scopas,5,Turf,
513,5/3/25,5,20,6645,1.1075,85628,311,8:59:39,1329,Acanthurus nigrofuscus,6,Turf,
514,5/3/25,5,20,6645,1.1075,90959,56,9:10:55,1329,Ctenochaetus striatus,5,Turf,
515,5/3/25,5,20,6645,1.1075,90959,112,9:11:11,1329,Ctenochaetus striatus,5,Turf,
516,5/3/25,5,20,6645,1.1075,90959,540,9:15:39,1329,Acanthurus nigrofuscus,9,Turf,
517,5/3/25,5,20,6645,1.1075,90959,634,9:16:33,1329,Acanthurus nigrofuscus,7,Turf,
518,5/3/25,5,20,6645,1.1075,90959,711,9:17:10,1329,Stethojulis bandanensis,1,Turf,
519,5/3/25,5,20,6645,1.1075,90959,726,9:17:25,1329,Acanthurus nigrofuscus,6,Turf,
520,5/3/25,5,20,6645,1.1075,90959,806,9:18:05,1329,Acanthurus nigrofuscus,14,Turf,
521,5/3/25,5,20,6645,1.1075,90959,1146,9:21:45,1329,Ctenochaetus striatus,4,Turf,
522,5/3/25,5,20,6645,1.1075,92330,309,9:26:39,1329,Ctenochaetus striatus,4,Turf,
773,5/3/25,6,21,6627,1.1045,131322,158,13:15:20,236,Thalassoma hardwicke,1,Turb,
774,5/3/25,6,21,6627,1.1045,132653,652,13:33:45,1329,Acanthurus nigrofuscus,5,Turb,
775,5/3/25,6,21,6627,1.1045,134024,1045,13:51:09,1329,Thalassoma hardwicke,1,Turb,
776,5/3/25,6,21,6627,1.1045,134024,1139,13:52:03,1329,Acanthurus nigrofuscus,13,Turb,
777,5/3/25,6,21,6627,1.1045,135355,1116,14:05:11,1329,Ostracion melagris,4,Turb,
778,5/3/25,6,21,6627,1.1045,140726,712,14:14:38,1329,Acanthurus nigrofuscus,2,Turb,
779,5/3/25,6,21,6627,1.1045,140726,741,14:15:07,1329,Thalassoma hardwicke,1,Turb,
643,5/3/25,6,22,6780,1.13,130936,155,13:11:31,1329,Ctenochaetus striatus,2,Turf,
644,5/3/25,6,22,6780,1.13,130936,503,13:14:39,1329,Thalassoma hardwicke,5,Turf,
645,5/3/25,6,22,6780,1.13,130936,621,13:15:57,1329,Thalassoma hardwicke,1,Turf,
646,5/3/25,6,22,6780,1.13,130936,800,13:17:36,1329,Stethojulius bandanensis,1,Turf,
647,5/3/25,6,22,6780,1.13,130936,807,13:17:43,1329,Thalassoma hardwicke,2,Turf,
648,5/3/25,6,22,6780,1.13,130936,928,13:19:04,1329,Ctenochaetus striatus,7,Turf,
649,5/3/25,6,22,6780,1.13,130936,934,13:19:10,1329,Stethojulius bandanensis,1,Turf,
650,5/3/25,6,22,6780,1.13,132307,52,13:23:59,1328,Balistapus undulatus,1,Turf,
651,5/3/25,6,22,6780,1.13,132307,204,13:25:11,1328,Juvenile Parrotfish,18,Turf,
652,5/3/25,6,22,6780,1.13,132307,213,13:25:20,1328,Ctenochaetus striatus,16,Turf,
653,5/3/25,6,22,6780,1.13,132307,855,13:32:02,1328,Ctenochaetus striatus,9,Turf,
654,5/3/25,6,22,6780,1.13,132307,1056,13:34:03,1328,Thalassoma hardwicke,2,Turf,
655,5/3/25,6,22,6780,1.13,133637,1244,13:49:21,1328,Ctenochaetus striatus,28,Turf,
656,5/3/25,6,22,6780,1.13,133637,1246,13:49:23,1328,Zebrasoma scopas,14,Turf,
657,5/3/25,6,22,6780,1.13,133637,1247,13:49:24,1328,Zebrasoma scopas,4,Turf,
658,5/3/25,6,22,6780,1.13,135007,119,13:51:26,1329,Thalassoma hardwicke,1,Turf,
659,5/3/25,6,22,6780,1.13,135007,134,13:51:41,1329,Thalassoma hardwicke,1,Turf,
660,5/3/25,6,22,6780,1.13,135007,147,13:51:54,1329,Acanthurus nigrofuscus,5,Turf,
661,5/3/25,6,22,6780,1.13,135007,253,13:53:00,1329,Acanthurus nigrofuscus,4,Turf,
662,5/3/25,6,22,6780,1.13,135007,935,13:59:42,1329,Acanthurus nigrofuscus,4,Turf,
663,5/3/25,6,22,6780,1.13,135007,1045,14:00:52,1329,Acanthurus nigrofuscus,28,Turf,
664,5/3/25,6,22,6780,1.13,135007,1158,14:02:05,1329,Acanthurus nigrofuscus,3,Turf,
665,5/3/25,6,22,6780,1.13,140338,20,14:03:58,1329,Ctenochaetus striatus,4,Turf,
666,5/3/25,6,22,6780,1.13,140338,47,14:04:25,1329,Juvenile Parrotfish,5,Turf,
667,5/3/25,6,22,6780,1.13,140338,49,14:04:27,1329,Juvenile Parrotfish,4,Turf,
668,5/3/25,6,22,6780,1.13,140338,436,14:08:14,1329,Ctenochaetus striatus,10,Turf,
669,5/3/25,6,22,6780,1.13,140338,618,14:09:56,1329,Ctenochaetus striatus,9,Turf,
670,5/3/25,6,22,6780,1.13,140338,718,14:10:56,1329,Acanthurus nigrofuscus,3,Turf,
671,5/3/25,6,22,6780,1.13,141709,100,14:18:09,136,Ctenochaetus striatus,7,Turf,
672,5/3/25,6,23,6879,1.1465,130937,639,13:16:16,1329,Juvenile Parrotfish,2,Turb,initial bulletnose
673,5/3/25,6,23,6879,1.1465,130937,1019,13:19:56,1329,Chromis margaritifer,1,Turb,
674,5/3/25,6,23,6879,1.1465,130937,1059,13:20:36,1329,Juvenile Parrotfish,3,Turb,initial bulletnose
675,5/3/25,6,23,6879,1.1465,130937,1153,13:21:30,1329,Juvenile Parrotfish,44,Turb,initial bulletnose
676,5/3/25,6,23,6879,1.1465,130937,1153,13:21:30,1329,Juvenile Parrotfish,5,Turb,initial bulletnose
677,5/3/25,6,23,6879,1.1465,130937,1208,13:21:45,1329,Juvenile Parrotfish,9,Turb,initial bulletnose
678,5/3/25,6,23,6879,1.1465,130937,1231,13:22:08,1329,Juvenile Parrotfish,7,Turb,initial bulletnose
679,5/3/25,6,23,6879,1.1465,130937,1308,13:22:45,1329,Juvenile Parrotfish,1,Turb,initial bulletnose
680,5/3/25,6,23,6879,1.1465,132308,15,13:23:23,1329,Juvenile Parrotfish,1,Turb,initial bulletnose
681,5/3/25,6,23,6879,1.1465,132308,154,13:25:02,1329,Juvenile Parrotfish,3,Turb,initial bulletnose
682,5/3/25,6,23,6879,1.1465,132308,157,13:25:05,1329,Juvenile Parrotfish,4,Turb,initial bulletnose
683,5/3/25,6,23,6879,1.1465,132308,202,13:25:10,1329,Juvenile Parrotfish,2,Turb,initial bulletnose
684,5/3/25,6,23,6879,1.1465,132308,211,13:25:19,1329,Juvenile Parrotfish,9,Turb,initial bulletnose
685,5/3/25,6,23,6879,1.1465,132308,210,13:25:18,1329,Juvenile Parrotfish,3,Turb,initial bulletnose
686,5/3/25,6,23,6879,1.1465,132308,251,13:25:59,1329,Halichoeres annularis,3,Turb,
687,5/3/25,6,23,6879,1.1465,132308,514,13:28:22,1329,Juvenile Parrotfish,13,Turb,initial bulletnose
688,5/3/25,6,23,6879,1.1465,132308,520,13:28:28,1329,Juvenile Parrotfish,3,Turb,
689,5/3/25,6,23,6879,1.1465,132308,540,13:28:48,1329,Centropyge flavissima,1,Turb,
690,5/3/25,6,23,6879,1.1465,132308,553,13:29:01,1329,Juvenile Parrotfish,4,Turb,initial bulletnose
691,5/3/25,6,23,6879,1.1465,132308,557,13:29:05,1329,Juvenile Parrotfish,10,Turb,
692,5/3/25,6,23,6879,1.1465,132308,622,13:29:30,1329,Juvenile Parrotfish,2,Turb,
693,5/3/25,6,23,6879,1.1465,132308,626,13:29:34,1329,Juvenile Parrotfish,6,Turb,
694,5/3/25,6,23,6879,1.1465,132308,627,13:29:35,1329,Juvenile Parrotfish,13,Turb,
695,5/3/25,6,23,6879,1.1465,132308,657,13:30:05,1329,Juvenile Parrotfish,3,Turb,
696,5/3/25,6,23,6879,1.1465,132308,705,13:30:13,1329,Juvenile Parrotfish,5,Turb,
697,5/3/25,6,23,6879,1.1465,132308,724,13:30:32,1329,Juvenile Parrotfish,9,Turb,
698,5/3/25,6,23,6879,1.1465,132308,727,13:30:35,1329,Juvenile Parrotfish,4,Turb,
699,5/3/25,6,23,6879,1.1465,132308,750,13:30:58,1329,Juvenile Parrotfish,6,Turb,
700,5/3/25,6,23,6879,1.1465,132308,753,13:31:01,1329,Juvenile Parrotfish,2,Turb,
701,5/3/25,6,23,6879,1.1465,132308,754,13:31:02,1329,Juvenile Parrotfish,4,Turb,
702,5/3/25,6,23,6879,1.1465,132308,849,13:31:57,1329,Juvenile Parrotfish,8,Turb,
703,5/3/25,6,23,6879,1.1465,132308,854,13:32:02,1329,Juvenile Parrotfish,4,Turb,
704,5/3/25,6,23,6879,1.1465,132308,857,13:32:05,1329,Juvenile Parrotfish,3,Turb,
705,5/3/25,6,23,6879,1.1465,132308,902,13:32:10,1329,Juvenile Parrotfish,5,Turb,
706,5/3/25,6,23,6879,1.1465,132308,930,13:32:38,1329,Juvenile Parrotfish,5,Turb,
707,5/3/25,6,23,6879,1.1465,132308,955,13:33:03,1329,Juvenile Parrotfish,2,Turb,
708,5/3/25,6,23,6879,1.1465,132308,1004,13:33:12,1329,Juvenile Parrotfish,4,Turb,
709,5/3/25,6,23,6879,1.1465,132308,1005,13:33:13,1329,Juvenile Parrotfish,4,Turb,
710,5/3/25,6,23,6879,1.1465,132308,1011,13:33:19,1329,Halichoeres annularis,1,Turb,
711,5/3/25,6,23,6879,1.1465,132308,1014,13:33:22,1329,Juvenile Parrotfish,36,Turb,2
712,5/3/25,6,23,6879,1.1465,132308,1118,13:34:26,1329,Juvenile Parrotfish,11,Turb,
713,5/3/25,6,23,6879,1.1465,132308,1126,13:34:34,1329,Juvenile Parrotfish,38,Turb,
714,5/3/25,6,23,6879,1.1465,132308,1214,13:35:22,1329,Juvenile Parrotfish,8,Turb,
715,5/3/25,6,23,6879,1.1465,132308,1228,13:35:36,1329,Juvenile Parrotfish,4,Turb,
716,5/3/25,6,23,6879,1.1465,132308,1300,13:36:08,1329,Juvenile Parrotfish,8,Turb,
717,5/3/25,6,23,6879,1.1465,132308,1303,13:36:11,1329,Juvenile Parrotfish,5,Turb,
718,5/3/25,6,23,6879,1.1465,132308,1324,13:36:32,1329,Juvenile Parrotfish,5,Turb,
719,5/3/25,6,23,6879,1.1465,133638,24,13:37:02,1329,Juvenile Parrotfish,3,Turb,
720,5/3/25,6,23,6879,1.1465,133638,26,13:37:04,1329,Juvenile Parrotfish,8,Turb,
721,5/3/25,6,23,6879,1.1465,133638,50,13:37:28,1329,Ctenochaetus striatus,10,Turb,
722,5/3/25,6,23,6879,1.1465,133638,129,13:38:07,1329,Juvenile Parrotfish,39,Turb,multiple
723,5/3/25,6,23,6879,1.1465,133638,230,13:39:08,1329,Juvenile Parrotfish,11,Turb,two IB
724,5/3/25,6,23,6879,1.1465,133638,308,13:39:46,1329,Centropyge flavissima,1,Turb,
725,5/3/25,6,23,6879,1.1465,133638,725,13:44:03,1329,Ctenochaetus striatus,5,Turb,
726,5/3/25,6,23,6879,1.1465,133638,900,13:45:38,1329,Juvenile Parrotfish,3,Turb,
727,5/3/25,6,23,6879,1.1465,133638,901,13:45:39,1329,Juvenile Parrotfish,2,Turb,
728,5/3/25,6,23,6879,1.1465,133638,908,13:45:46,1329,Centropyge flavissima,2,Turb,
729,5/3/25,6,23,6879,1.1465,133638,926,13:46:04,1329,Juvenile Parrotfish,38,Turb,initial bulletnose
730,5/3/25,6,23,6879,1.1465,133638,933,13:46:11,1329,Juvenile Parrotfish,29,Turb,initial bulletnose
731,5/3/25,6,23,6879,1.1465,133638,958,13:46:36,1329,Juvenile Parrotfish,8,Turb,initial bulletnose
732,5/3/25,6,23,6879,1.1465,133638,1035,13:47:13,1329,Juvenile Parrotfish,1,Turb,initial bulletnose
733,5/3/25,6,23,6879,1.1465,133638,1040,13:47:18,1329,Juvenile Parrotfish,5,Turb,initial bulletnose
734,5/3/25,6,23,6879,1.1465,133638,1231,13:49:09,1329,Juvenile Parrotfish,6,Turb,initial bulletnose
735,5/3/25,6,23,6879,1.1465,133638,1234,13:49:12,1329,Juvenile Parrotfish,15,Turb,initial bulletnose
736,5/3/25,6,23,6879,1.1465,133638,1318,13:49:56,1329,Juvenile Parrotfish,7,Turb,initial bulletnose
737,5/3/25,6,23,6879,1.1465,135009,10,13:50:19,1328,Juvenile Parrotfish,8,Turb,initial bulletnose
738,5/3/25,6,23,6879,1.1465,135009,11,13:50:20,1328,Juvenile Parrotfish,4,Turb,initial bulletnose
739,5/3/25,6,23,6879,1.1465,135009,17,13:50:26,1328,Juvenile Parrotfish,1,Turb,initial bulletnose
740,5/3/25,6,23,6879,1.1465,135009,25,13:50:34,1328,Juvenile Parrotfish,11,Turb,2 IB
741,5/3/25,6,23,6879,1.1465,135009,406,13:54:15,1328,Centropyge flavissima,12,Turb,
742,5/3/25,6,23,6879,1.1465,135009,507,13:55:16,1328,Ctenochaetus striatus,8,Turb,
743,5/3/25,6,23,6879,1.1465,135009,649,13:56:58,1328,Thalassoma hardwicke,1,Turb,
744,5/3/25,6,23,6879,1.1465,135009,704,13:57:13,1328,Juvenile Parrotfish,30,Turb,8 initial bulletnose
745,5/3/25,6,23,6879,1.1465,135009,708,13:57:17,1328,Centropyge flavissima,4,Turb,
746,5/3/25,6,23,6879,1.1465,135009,730,13:57:39,1328,Juvenile Parrotfish,2,Turb,
747,5/3/25,6,23,6879,1.1465,135009,935,13:59:44,1328,Ctenochaetus striatus,14,Turb,
748,5/3/25,6,23,6879,1.1465,135009,1042,14:00:51,1328,Juvenile Parrotfish,15,Turb,2 Initial Bulletnose
749,5/3/25,6,23,6879,1.1465,135009,1101,14:01:10,1328,Juvenile Parrotfish,6,Turb,2 Initial Bulletnose
750,5/3/25,6,23,6879,1.1465,135009,1239,14:02:48,1328,Juvenile Parrotfish,9,Turb,
751,5/3/25,6,23,6879,1.1465,135009,1239,14:02:48,1328,Juvenile Parrotfish,7,Turb,
752,5/3/25,6,23,6879,1.1465,140339,18,14:03:57,1328,Juvenile Parrotfish,14,Turb,
753,5/3/25,6,23,6879,1.1465,140339,20,14:03:59,1328,Juvenile Parrotfish,16,Turb,
754,5/3/25,6,23,6879,1.1465,140339,105,14:04:44,1328,Labroides dimidiatus,1,Turb,
755,5/3/25,6,23,6879,1.1465,140339,113,14:04:52,1328,Halichoeres trimaculatus,4,Turb,or SB
756,5/3/25,6,23,6879,1.1465,140339,136,14:05:15,1328,Juvenile Parrotfish,45,Turb,8 IB
757,5/3/25,6,23,6879,1.1465,140339,140,14:05:19,1328,Ctenochaetus striatus,4,Turb,
758,5/3/25,6,23,6879,1.1465,140339,152,14:05:31,1328,Juvenile Parrotfish,33,Turb,
759,5/3/25,6,23,6879,1.1465,140339,234,14:06:13,1328,Juvenile Parrotfish,22,Turb,2 IB
760,5/3/25,6,23,6879,1.1465,140339,337,14:07:16,1328,Juvenile Parrotfish,16,Turb,2 IB
761,5/3/25,6,23,6879,1.1465,140339,410,14:07:49,1328,Juvenile Parrotfish,3,Turb,
762,5/3/25,6,23,6879,1.1465,140339,435,14:08:14,1328,Juvenile Parrotfish,5,Turb,2 IB
763,5/3/25,6,23,6879,1.1465,140339,455,14:08:34,1328,Juvenile Parrotfish,25,Turb,
764,5/3/25,6,23,6879,1.1465,140339,549,14:09:28,1328,Juvenile Parrotfish,18,Turb,5 small IB
765,5/3/25,6,23,6879,1.1465,140339,608,14:09:47,1328,Juvenile Parrotfish,19,Turb,
766,5/3/25,6,23,6879,1.1465,140339,640,14:10:19,1328,Juvenile Parrotfish,20,Turb,
767,5/3/25,6,23,6879,1.1465,140339,717,14:10:56,1328,Juvenile Parrotfish,34,Turb,
768,5/3/25,6,23,6879,1.1465,140339,755,14:11:34,1328,Juvenile Parrotfish,53,Turb,
769,5/3/25,6,23,6879,1.1465,140339,1152,14:15:31,1328,Juvenile Parrotfish,1,Turb,
770,5/3/25,6,23,6879,1.1465,140339,1218,14:15:57,1328,Juvenile Parrotfish,4,Turb,
771,5/3/25,6,23,6879,1.1465,140339,1311,14:16:50,1328,Ctenochaetus striatus,9,Turb,
772,5/3/25,6,23,6879,1.1465,141710,,14:17:10,236,,0,Turb,
557,5/3/25,6,24,6973,1.162166667,130803,117,13:09:20,1329,Juvenile Parrotfish,12,Turf,
558,5/3/25,6,24,6973,1.162166667,130803,130,13:09:33,1329,Acanthurus nigrofuscus,4,Turf,
559,5/3/25,6,24,6973,1.162166667,130803,159,13:10:02,1329,Acanthurus nigrofuscus,5,Turf,
560,5/3/25,6,24,6973,1.162166667,130803,237,13:10:40,1329,Zebrasoma scopas,4,Turf,
561,5/3/25,6,24,6973,1.162166667,130803,241,13:10:44,1329,Zebrasoma scopas,3,Turf,
562,5/3/25,6,24,6973,1.162166667,130803,317,13:11:20,1329,Acanthurus nigrofuscus,17,Turf,
563,5/3/25,6,24,6973,1.162166667,130803,548,13:13:51,1329,Acanthurus nigrofuscus,6,Turf,
564,5/3/25,6,24,6973,1.162166667,130803,617,13:14:20,1329,Thalassoma hardwicke,1,Turf,
565,5/3/25,6,24,6973,1.162166667,130803,716,13:15:19,1329,Acanthurus nigrofuscus,14,Turf,
566,5/3/25,6,24,6973,1.162166667,130803,1028,13:18:31,1329,Balistapus undulatus,3,Turf,
567,5/3/25,6,24,6973,1.162166667,130803,1108,13:19:11,1329,Ctenochaetus striatus,9,Turf,
568,5/3/25,6,24,6973,1.162166667,130803,1215,13:20:18,1329,Stegastes nigricans,1,Turf,"btwn dusky or threespot, most likely dusky cause yellow tail "
569,5/3/25,6,24,6973,1.162166667,132134,14,13:21:48,1329,Ctenochaetus striatus,2,Turf,
570,5/3/25,6,24,6973,1.162166667,132134,41,13:22:15,1329,Ctenochaetus striatus,3,Turf,
571,5/3/25,6,24,6973,1.162166667,132134,151,13:23:25,1329,Ctenochaetus striatus,12,Turf,
572,5/3/25,6,24,6973,1.162166667,132134,221,13:23:55,1329,Ctenochaetus striatus,13,Turf,
573,5/3/25,6,24,6973,1.162166667,132134,314,13:24:48,1329,Ctenochaetus striatus,10,Turf,
574,5/3/25,6,24,6973,1.162166667,132134,500,13:26:34,1329,Juvenile Parrotfish,20,Turf,
575,5/3/25,6,24,6973,1.162166667,132134,638,13:28:12,1329,Ctenochaetus striatus,17,Turf,
576,5/3/25,6,24,6973,1.162166667,132134,707,13:28:41,1329,Juvenile Parrotfish,13,Turf,
577,5/3/25,6,24,6973,1.162166667,132134,710,13:28:44,1329,Ctenochaetus striatus,13,Turf,
578,5/3/25,6,24,6973,1.162166667,132134,736,13:29:10,1329,Ctenochaetus striatus,2,Turf,
579,5/3/25,6,24,6973,1.162166667,132134,819,13:29:53,1329,Zanclus cornutus,4,Turf,
580,5/3/25,6,24,6973,1.162166667,132134,932,13:31:06,1329,Ctenochaetus striatus,3,Turf,
581,5/3/25,6,24,6973,1.162166667,132134,1005,13:31:39,1329,Ctenochaetus striatus,3,Turf,
582,5/3/25,6,24,6973,1.162166667,132134,1112,13:32:46,1329,Ctenochaetus striatus,5,Turf,
583,5/3/25,6,24,6973,1.162166667,132134,1206,13:33:40,1329,Juvenile Parrotfish,35,Turf,
584,5/3/25,6,24,6973,1.162166667,132134,1240,13:34:14,1329,Ctenochaetus striatus,6,Turf,
585,5/3/25,6,24,6973,1.162166667,133505,108,13:36:13,1329,Juvenile Parrotfish,24,Turf,
586,5/3/25,6,24,6973,1.162166667,133505,118,13:36:23,1329,Ctenochaetus striatus,6,Turf,
587,5/3/25,6,24,6973,1.162166667,133505,214,13:37:19,1329,Juvenile Parrotfish,11,Turf,
588,5/3/25,6,24,6973,1.162166667,133505,310,13:38:15,1329,Juvenile Parrotfish,11,Turf,
589,5/3/25,6,24,6973,1.162166667,133505,326,13:38:31,1329,Ctenochaetus striatus,11,Turf,
590,5/3/25,6,24,6973,1.162166667,133505,418,13:39:23,1329,Juvenile Parrotfish,28,Turf,
591,5/3/25,6,24,6973,1.162166667,133505,449,13:39:54,1329,Zebrasoma scopas,14,Turf,
592,5/3/25,6,24,6973,1.162166667,133505,451,13:39:56,1329,Juvenile Parrotfish,9,Turf,
593,5/3/25,6,24,6973,1.162166667,133505,458,13:40:03,1329,Ctenochaetus striatus,3,Turf,
594,5/3/25,6,24,6973,1.162166667,133505,515,13:40:20,1329,Ctenochaetus striatus,4,Turf,
595,5/3/25,6,24,6973,1.162166667,133505,520,13:40:25,1329,Juvenile Parrotfish,2,Turf,
596,5/3/25,6,24,6973,1.162166667,133505,522,13:40:27,1329,Ctenochaetus striatus,2,Turf,
597,5/3/25,6,24,6973,1.162166667,133505,526,13:40:31,1329,Zebrasoma scopas,6,Turf,
598,5/3/25,6,24,6973,1.162166667,133505,530,13:40:35,1329,Zebrasoma scopas,8,Turf,
599,5/3/25,6,24,6973,1.162166667,133505,555,13:41:00,1329,Ctenochaetus striatus,5,Turf,
600,5/3/25,6,24,6973,1.162166667,133505,627,13:41:32,1329,Ctenochaetus striatus,5,Turf,
601,5/3/25,6,24,6973,1.162166667,133505,632,13:41:37,1329,Scarus frenatus,4,Turf,
602,5/3/25,6,24,6973,1.162166667,133505,639,13:41:44,1329,Ctenochaetus striatus,11,Turf,
603,5/3/25,6,24,6973,1.162166667,133505,807,13:43:12,1329,Ctenochaetus striatus,2,Turf,
604,5/3/25,6,24,6973,1.162166667,133505,908,13:44:13,1329,Juvenile Parrotfish,13,Turf,
605,5/3/25,6,24,6973,1.162166667,133505,912,13:44:17,1329,Ctenochaetus striatus,22,Turf,
606,5/3/25,6,24,6973,1.162166667,133505,917,13:44:22,1329,Juvenile Parrotfish,1,Turf,
607,5/3/25,6,24,6973,1.162166667,133505,921,13:44:26,1329,Ctenochaetus striatus,1,Turf,
608,5/3/25,6,24,6973,1.162166667,133505,1003,13:45:08,1329,Ctenochaetus striatus,7,Turf,
609,5/3/25,6,24,6973,1.162166667,133505,1106,13:46:11,1329,Ctenochaetus striatus,2,Turf,
610,5/3/25,6,24,6973,1.162166667,133505,1137,13:46:42,1329,Zebrasoma scopas,15,Turf,
611,5/3/25,6,24,6973,1.162166667,133505,1152,13:46:57,1329,Zebrasoma scopas,8,Turf,
612,5/3/25,6,24,6973,1.162166667,134836,57,13:49:33,1328,Ctenochaetus striatus,3,Turf,
613,5/3/25,6,24,6973,1.162166667,134836,117,13:49:53,1328,Ctenochaetus striatus,18,Turf,
614,5/3/25,6,24,6973,1.162166667,134836,218,13:50:54,1328,Ctenochaetus striatus,13,Turf,
615,5/3/25,6,24,6973,1.162166667,134836,357,13:52:33,1328,Zebrasoma scopas,4,Turf,
616,5/3/25,6,24,6973,1.162166667,134836,400,13:52:36,1328,Zebrasoma scopas,7,Turf,
617,5/3/25,6,24,6973,1.162166667,134836,411,13:52:47,1328,Ctenochaetus striatus,4,Turf,
618,5/3/25,6,24,6973,1.162166667,134836,452,13:53:28,1328,Zebrasoma scopas,34,Turf,
619,5/3/25,6,24,6973,1.162166667,134836,716,13:55:52,1328,Ctenochaetus striatus,20,Turf,
620,5/3/25,6,24,6973,1.162166667,134836,1302,14:01:38,1328,Juvenile Parrotfish,2,Turf,initial bulletnose
621,5/3/25,6,24,6973,1.162166667,140206,0,14:02:06,1329,Ctenochaetus striatus,7,Turf,
622,5/3/25,6,24,6973,1.162166667,140206,130,14:03:36,1329,Ctenochaetus striatus,8,Turf,
623,5/3/25,6,24,6973,1.162166667,140206,130,14:03:36,1329,Juvenile Parrotfish,7,Turf,
624,5/3/25,6,24,6973,1.162166667,140206,152,14:03:58,1329,Juvenile Parrotfish,14,Turf,
625,5/3/25,6,24,6973,1.162166667,140206,159,14:04:05,1329,Ctenochaetus striatus,1,Turf,
626,5/3/25,6,24,6973,1.162166667,140206,207,14:04:13,1329,Juvenile Parrotfish,7,Turf,
627,5/3/25,6,24,6973,1.162166667,140206,248,14:04:54,1329,Zebrasoma scopas,3,Turf,
628,5/3/25,6,24,6973,1.162166667,140206,258,14:05:04,1329,Ctenochaetus striatus,3,Turf,
629,5/3/25,6,24,6973,1.162166667,140206,355,14:06:01,1329,Ctenochaetus striatus,13,Turf,
630,5/3/25,6,24,6973,1.162166667,140206,455,14:07:01,1329,Juvenile Parrotfish,20,Turf,
631,5/3/25,6,24,6973,1.162166667,140206,618,14:08:24,1329,Juvenile Parrotfish,4,Turf,
632,5/3/25,6,24,6973,1.162166667,140206,819,14:10:25,1329,Juvenile Parrotfish,10,Turf,
633,5/3/25,6,24,6973,1.162166667,140206,843,14:10:49,1329,Ctenochaetus striatus,11,Turf,
634,5/3/25,6,24,6973,1.162166667,140206,1020,14:12:26,1329,Juvenile Parrotfish,5,Turf,
635,5/3/25,6,24,6973,1.162166667,140206,1025,14:12:31,1329,Ctenochaetus striatus,8,Turf,
636,5/3/25,6,24,6973,1.162166667,140206,1121,14:13:27,1329,Juvenile Parrotfish,17,Turf,
637,5/3/25,6,24,6973,1.162166667,140206,1130,14:13:36,1329,Ctenochaetus striatus,2,Turf,
638,5/3/25,6,24,6973,1.162166667,140206,1239,14:14:45,1329,Ctenochaetus striatus,3,Turf,
639,5/3/25,6,24,6973,1.162166667,140206,1251,14:14:57,1329,Ctenochaetus striatus,5,Turf,
640,5/3/25,6,24,6973,1.162166667,141537,132,14:17:09,329,Ctenochaetus striatus,2,Turf,
641,5/3/25,6,24,6973,1.162166667,141537,215,14:17:52,329,Juvenile Parrotfish,11,Turf,
642,5/3/25,6,24,6973,1.162166667,141537,259,14:18:36,329,Ctenochaetus striatus,14,Turf,
804,5/4/25,7,25,6617,1.102833333,90703,133,9:08:36,1329,Zebrasoma scopas,11,Turb,
805,5/4/25,7,25,6617,1.102833333,90703,242,9:09:45,1329,Zebrasoma scopas,4,Turb,
806,5/4/25,7,25,6617,1.102833333,90703,1202,9:19:05,1329,Zebrasoma scopas,13,Turb,
851,5/4/25,7,25,6617,1.102833333,92033,333,9:24:06,1329,Thalassoma hardwicke,5,Turb,
852,5/4/25,7,25,6617,1.102833333,92033,340,9:24:13,1329,Centropyge flavissima,6,Turb,
853,5/4/25,7,25,6617,1.102833333,92033,720,9:27:53,1329,Stethojulis bandanensis,1,Turb,
854,5/4/25,7,25,6617,1.102833333,92033,720,9:27:53,1329,Stethojulis bandanensis,1,Turb,
855,5/4/25,7,25,6617,1.102833333,92033,731,9:28:04,1329,Stethojulis bandanensis,1,Turb,
856,5/4/25,7,25,6617,1.102833333,92033,910,9:29:43,1329,Stethojulis bandanensis,1,Turb,
905,5/4/25,7,25,6617,1.102833333,93404,157,9:36:01,1329,Scarus psittacus,3,Turb,
906,5/4/25,7,25,6617,1.102833333,93404,704,9:41:08,1329,Scarus psittacus,1,Turb,
907,5/4/25,7,25,6617,1.102833333,93404,748,9:41:52,1329,Stethojulis bandanensis,2,Turb,
908,5/4/25,7,25,6617,1.102833333,93404,756,9:42:00,1329,Scarus psittacus,3,Turb,
909,5/4/25,7,25,6617,1.102833333,93404,828,9:42:32,1329,Zebrasoma scopas,5,Turb,
910,5/4/25,7,25,6617,1.102833333,93404,833,9:42:37,1329,Zebrasoma scopas,10,Turb,
911,5/4/25,7,25,6617,1.102833333,93404,859,9:43:03,1329,Ctenochaetus striatus,7,Turb,
912,5/4/25,7,25,6617,1.102833333,93404,934,9:43:38,1329,Zebrasoma scopas,5,Turb,
913,5/4/25,7,25,6617,1.102833333,93404,952,9:43:56,1329,Scarus psittacus,3,Turb,
965,5/4/25,7,25,6617,1.102833333,94735,0,9:47:35,1329,Acanthurus nigrofuscus,4,Turb,
966,5/4/25,7,25,6617,1.102833333,94735,318,9:50:53,1329,Ctenochaetus striatus,4,Turb,
1000,5/4/25,7,25,6617,1.102833333,100106,17,10:01:23,1301,Cheilinus chlorourus,2,Turb,
1001,5/4/25,7,25,6617,1.102833333,100106,728,10:08:34,1301,Stethojulis bandanensis,1,Turb,
793,5/4/25,7,26,6642,1.107,90551,211,9:08:02,1329,Ctenochaetus striatus,12,Turf,
794,5/4/25,7,26,6642,1.107,90551,357,9:09:48,1329,Ctenochaetus striatus,9,Turf,
795,5/4/25,7,26,6642,1.107,90551,359,9:09:50,1329,Acanthurus nigrofuscus,17,Turf,
796,5/4/25,7,26,6642,1.107,90551,537,9:11:28,1329,Ctenochaetus striatus,8,Turf,
797,5/4/25,7,26,6642,1.107,90551,549,9:11:40,1329,Acanthurus nigrofuscus,17,Turf,
798,5/4/25,7,26,6642,1.107,90551,643,9:12:34,1329,Ctenochaetus striatus,1,Turf,
799,5/4/25,7,26,6642,1.107,90551,901,9:14:52,1329,Acanthurus nigrofuscus,50,Turf,
800,5/4/25,7,26,6642,1.107,90551,918,9:15:09,1329,Ctenochaetus striatus,4,Turf,
801,5/4/25,7,26,6642,1.107,90551,1223,9:18:14,1329,Acanthurus nigrofuscus,20,Turf,
802,5/4/25,7,26,6642,1.107,90551,1306,9:18:57,1329,Ctenochaetus striatus,4,Turf,
803,5/4/25,7,26,6642,1.107,90551,1316,9:19:07,1329,Chaetodon citrinellus,2,Turf,
826,5/4/25,7,26,6642,1.107,91922,17,9:19:39,1329,Acanthurus nigrofuscus,6,Turf,
827,5/4/25,7,26,6642,1.107,91922,22,9:19:44,1329,Ctenochaetus striatus,2,Turf,
828,5/4/25,7,26,6642,1.107,91922,31,9:19:53,1329,Chlorurus sordidus,3,Turf,
829,5/4/25,7,26,6642,1.107,91922,239,9:22:01,1329,Ctenochaetus striatus,2,Turf,
830,5/4/25,7,26,6642,1.107,91922,249,9:22:11,1329,Chlorurus sordidus,7,Turf,
831,5/4/25,7,26,6642,1.107,91922,252,9:22:14,1329,Chlorurus sordidus,11,Turf,
832,5/4/25,7,26,6642,1.107,91922,254,9:22:16,1329,Ctenochaetus striatus,11,Turf,
833,5/4/25,7,26,6642,1.107,91922,304,9:22:26,1329,Acanthurus nigrofuscus,8,Turf,
834,5/4/25,7,26,6642,1.107,91922,316,9:22:38,1329,Balistapus undulatus,1,Turf,
835,5/4/25,7,26,6642,1.107,91922,317,9:22:39,1329,Ctenochaetus striatus,2,Turf,
836,5/4/25,7,26,6642,1.107,91922,353,9:23:15,1329,Acanthurus nigrofuscus,34,Turf,
837,5/4/25,7,26,6642,1.107,91922,356,9:23:18,1329,Chlorurus sordidus,3,Turf,
838,5/4/25,7,26,6642,1.107,91922,350,9:23:12,1329,Chlorurus sordidus,3,Turf,
839,5/4/25,7,26,6642,1.107,91922,359,9:23:21,1329,Ctenochaetus striatus,8,Turf,
840,5/4/25,7,26,6642,1.107,91922,505,9:24:27,1329,Ctenochaetus striatus,4,Turf,
841,5/4/25,7,26,6642,1.107,91922,515,9:24:37,1329,Ctenochaetus striatus,9,Turf,
842,5/4/25,7,26,6642,1.107,91922,645,9:26:07,1329,Zebrasoma scopas,16,Turf,
843,5/4/25,7,26,6642,1.107,91922,649,9:26:11,1329,Ctenochaetus striatus,10,Turf,
844,5/4/25,7,26,6642,1.107,91922,700,9:26:22,1329,Ctenochaetus striatus,17,Turf,
845,5/4/25,7,26,6642,1.107,91922,710,9:26:32,1329,Acanthurus nigrofuscus,61,Turf,
846,5/4/25,7,26,6642,1.107,91922,758,9:27:20,1329,Ctenochaetus striatus,12,Turf,
847,5/4/25,7,26,6642,1.107,91922,934,9:28:56,1329,Acanthurus nigrofuscus,16,Turf,
848,5/4/25,7,26,6642,1.107,91922,955,9:29:17,1329,Ctenochaetus striatus,6,Turf,
849,5/4/25,7,26,6642,1.107,91922,,9:19:22,1329,Ctenochaetus striatus,12,Turf,
850,5/4/25,7,26,6642,1.107,91922,1307,9:32:29,1329,Ctenochaetus striatus,5,Turf,
878,5/4/25,7,26,6642,1.107,93253,3,9:32:56,1329,Ctenochaetus striatus,4,Turf,
879,5/4/25,7,26,6642,1.107,93253,113,9:34:06,1329,Balistapus undulatus,1,Turf,
880,5/4/25,7,26,6642,1.107,93253,125,9:34:18,1329,Chrysiptera leucopoma,24,Turf,
881,5/4/25,7,26,6642,1.107,93253,125,9:34:18,1329,Chrysiptera leucopoma,9,Turf,
882,5/4/25,7,26,6642,1.107,93253,157,9:34:50,1329,Thalassoma hardwicke,2,Turf,
883,5/4/25,7,26,6642,1.107,93253,233,9:35:26,1329,Chrysiptera leucopoma,4,Turf,
884,5/4/25,7,26,6642,1.107,93253,256,9:35:49,1329,Chrysiptera leucopoma,2,Turf,
885,5/4/25,7,26,6642,1.107,93253,332,9:36:25,1329,Ctenochaetus striatus,8,Turf,
886,5/4/25,7,26,6642,1.107,93253,331,9:36:24,1329,Ctenochaetus striatus,10,Turf,
887,5/4/25,7,26,6642,1.107,93253,347,9:36:40,1329,Chrysiptera leucopoma,15,Turf,
888,5/4/25,7,26,6642,1.107,93253,402,9:36:55,1329,Chrysiptera leucopoma,13,Turf,
889,5/4/25,7,26,6642,1.107,93253,427,9:37:20,1329,Chrysiptera leucopoma,3,Turf,
890,5/4/25,7,26,6642,1.107,93253,440,9:37:33,1329,Chrysiptera leucopoma,9,Turf,
891,5/4/25,7,26,6642,1.107,93253,457,9:37:50,1329,Chrysiptera leucopoma,21,Turf,
892,5/4/25,7,26,6642,1.107,93253,540,9:38:33,1329,Acanthurus nigrofuscus,13,Turf,
893,5/4/25,7,26,6642,1.107,93253,545,9:38:38,1329,Ctenochaetus striatus,9,Turf,
894,5/4/25,7,26,6642,1.107,93253,604,9:38:57,1329,Ctenochaetus striatus,4,Turf,
895,5/4/25,7,26,6642,1.107,93253,606,9:38:59,1329,Balistapus undulatus,1,Turf,
896,5/4/25,7,26,6642,1.107,93253,621,9:39:14,1329,Ctenochaetus striatus,9,Turf,
897,5/4/25,7,26,6642,1.107,93253,723,9:40:16,1329,Ctenochaetus striatus,3,Turf,
898,5/4/25,7,26,6642,1.107,93253,828,9:41:21,1329,Chrysiptera leucopoma,3,Turf,
899,5/4/25,7,26,6642,1.107,93253,918,9:42:11,1329,Ctenochaetus striatus,4,Turf,
900,5/4/25,7,26,6642,1.107,93253,924,9:42:17,1329,Ctenochaetus striatus,4,Turf,
901,5/4/25,7,26,6642,1.107,93253,1038,9:43:31,1329,Ctenochaetus striatus,3,Turf,
902,5/4/25,7,26,6642,1.107,93253,1058,9:43:51,1329,Acanthurus nigrofuscus,82,Turf,
903,5/4/25,7,26,6642,1.107,93253,1058,9:43:51,1329,Ctenochaetus striatus,4,Turf,
904,5/4/25,7,26,6642,1.107,93253,1307,9:46:00,1329,Ctenochaetus striatus,12,Turf,
943,5/4/25,7,26,6642,1.107,94624,1,9:46:25,1329,Chrysiptera leucopoma,14,Turf,
944,5/4/25,7,26,6642,1.107,94624,24,9:46:48,1329,Chrysiptera leucopoma,27,Turf,
945,5/4/25,7,26,6642,1.107,94624,158,9:48:22,1329,Acanthurus nigrofuscus,9,Turf,
946,5/4/25,7,26,6642,1.107,94624,212,9:48:36,1329,Chrysiptera leucopoma,39,Turf,
947,5/4/25,7,26,6642,1.107,94624,232,9:48:56,1329,Chrysiptera leucopoma,38,Turf,
948,5/4/25,7,26,6642,1.107,94624,402,9:50:26,1329,Acanthurus nigrofuscus,9,Turf,
949,5/4/25,7,26,6642,1.107,94624,405,9:50:29,1329,Ctenochaetus striatus,7,Turf,
950,5/4/25,7,26,6642,1.107,94624,444,9:51:08,1329,Acanthurus nigrofuscus,25,Turf,
951,5/4/25,7,26,6642,1.107,94624,517,9:51:41,1329,Chrysiptera leucopoma,7,Turf,
952,5/4/25,7,26,6642,1.107,94624,519,9:51:43,1329,Chrysiptera leucopoma,3,Turf,
953,5/4/25,7,26,6642,1.107,94624,543,9:52:07,1329,Ctenochaetus striatus,3,Turf,
954,5/4/25,7,26,6642,1.107,94624,628,9:52:52,1329,Ctenochaetus striatus,19,Turf,
955,5/4/25,7,26,6642,1.107,94624,630,9:52:54,1329,Acanthurus nigrofuscus,17,Turf,
956,5/4/25,7,26,6642,1.107,94624,711,9:53:35,1329,Ctenochaetus striatus,20,Turf,
957,5/4/25,7,26,6642,1.107,94624,749,9:54:13,1329,Acanthurus nigrofuscus,22,Turf,
958,5/4/25,7,26,6642,1.107,94624,807,9:54:31,1329,Ctenochaetus striatus,3,Turf,
959,5/4/25,7,26,6642,1.107,94624,851,9:55:15,1329,Chrysiptera leucopoma,3,Turf,
960,5/4/25,7,26,6642,1.107,94624,1009,9:56:33,1329,Chrysiptera leucopoma,10,Turf,
961,5/4/25,7,26,6642,1.107,94624,1026,9:56:50,1329,Chrysiptera leucopoma,3,Turf,
962,5/4/25,7,26,6642,1.107,94624,1035,9:56:59,1329,Ctenochaetus striatus,13,Turf,
963,5/4/25,7,26,6642,1.107,94624,1111,9:57:35,1329,Ctenochaetus striatus,6,Turf,
964,5/4/25,7,26,6642,1.107,94624,1116,9:57:40,1329,Ctenochaetus striatus,3,Turf,
990,5/4/25,7,26,6642,1.107,95955,218,10:02:13,1326,Zebrasoma scopas,1,Turf,
991,5/4/25,7,26,6642,1.107,95955,223,10:02:18,1326,Acanthurus nigrofuscus,32,Turf,
992,5/4/25,7,26,6642,1.107,95955,334,10:03:29,1326,Ctenochaetus striatus,6,Turf,
993,5/4/25,7,26,6642,1.107,95955,538,10:05:33,1326,Acanthurus nigrofuscus,19,Turf,
994,5/4/25,7,26,6642,1.107,95955,714,10:07:09,1326,Zebrasoma scopas,6,Turf,
995,5/4/25,7,26,6642,1.107,95955,812,10:08:07,1326,Ctenochaetus striatus,5,Turf,
996,5/4/25,7,26,6642,1.107,95955,849,10:08:44,1326,Ctenochaetus striatus,16,Turf,
997,5/4/25,7,26,6642,1.107,95955,1006,10:10:01,1326,Acanthurus nigrofuscus,11,Turf,
998,5/4/25,7,26,6642,1.107,95955,1123,10:11:18,1326,Ctenochaetus striatus,13,Turf,
999,5/4/25,7,26,6642,1.107,95955,1159,10:11:54,1326,Ctenochaetus striatus,7,Turf,
780,5/4/25,7,27,6750,1.125,90412,704,9:11:16,1221,Acanthurus nigrofuscus,2,Turb,
807,5/4/25,7,27,6750,1.125,91635,8,9:16:43,1303,Acanthurus nigrofuscus,3,Turb,
857,5/4/25,7,27,6750,1.125,92940,501,9:34:41,1316,Ctenochaetus striatus,1,Turb,
858,5/4/25,7,27,6750,1.125,92940,1020,9:40:00,1020,Thalassoma hardwicke,1,Turb,
914,5/4/25,7,27,6750,1.125,94259,111,9:44:10,1329,Ctenochaetus striatus,2,Turb,
915,5/4/25,7,27,6750,1.125,94259,430,9:47:29,1329,Acanthurus nigrofuscus,3,Turb,
916,5/4/25,7,27,6750,1.125,94259,433,9:47:32,1329,Scarus psittacus,1,Turb,
917,5/4/25,7,27,6750,1.125,94259,1028,9:53:27,1329,Acanthurus nigrofuscus,1,Turb,
967,5/4/25,7,27,6750,1.125,95629,101,9:57:30,1329,Stethojulis bandanensis,3,Turb,
968,5/4/25,7,27,6750,1.125,95629,347,10:00:16,1329,Stethojulis bandanensis,6,Turb,
969,5/4/25,7,27,6750,1.125,95629,428,10:00:57,1329,Stethojulis bandanensis,3,Turb,
970,5/4/25,7,27,6750,1.125,95629,438,10:01:07,1329,Scarus psittacus,5,Turb,
971,5/4/25,7,27,6750,1.125,95629,523,10:01:52,1329,Acanthurus nigrofuscus,5,Turb,
972,5/4/25,7,27,6750,1.125,95629,543,10:02:12,1329,Scarus psittacus,2,Turb,
973,5/4/25,7,27,6750,1.125,95629,850,10:05:19,1329,Ctenochaetus striatus,1,Turb,
974,5/4/25,7,27,6750,1.125,95629,856,10:05:25,1329,Acanthurus nigrofuscus,2,Turb,
1002,5/4/25,7,27,6750,1.125,101000,0,10:10:00,252,,0,Turb,
781,5/4/25,7,28,6762,1.127,90419,110,9:05:29,1329,Acanthurus nigrofuscus,24,Turf,
782,5/4/25,7,28,6762,1.127,90419,116,9:05:35,1329,Zebrasoma scopas,9,Turf,
783,5/4/25,7,28,6762,1.127,90419,124,9:05:43,1329,Ctenochaetus striatus,6,Turf,
784,5/4/25,7,28,6762,1.127,90419,222,9:06:41,1329,Ctenochaetus striatus,6,Turf,
785,5/4/25,7,28,6762,1.127,90419,416,9:08:35,1329,Ctenochaetus striatus,2,Turf,
786,5/4/25,7,28,6762,1.127,90419,901,9:13:20,1329,Melichthys vidua,3,Turf,
787,5/4/25,7,28,6762,1.127,90419,901,9:13:20,1329,Ctenochaetus striatus,4,Turf,
788,5/4/25,7,28,6762,1.127,90419,921,9:13:40,1329,Acanthurus nigrofuscus,11,Turf,
789,5/4/25,7,28,6762,1.127,90419,935,9:13:54,1329,Ctenochaetus striatus,8,Turf,
790,5/4/25,7,28,6762,1.127,90419,1109,9:15:28,1329,Ctenochaetus striatus,1,Turf,
791,5/4/25,7,28,6762,1.127,90419,1211,9:16:30,1329,Ctenochaetus striatus,7,Turf,
792,5/4/25,7,28,6762,1.127,90419,1300,9:17:19,1329,Ctenochaetus striatus,4,Turf,
808,5/4/25,7,28,6762,1.127,91750,106,9:18:56,1328,Ctenochaetus striatus,9,Turf,
809,5/4/25,7,28,6762,1.127,91750,206,9:19:56,1328,Acanthurus nigrofuscus,30,Turf,
810,5/4/25,7,28,6762,1.127,91750,217,9:20:07,1328,Ctenochaetus striatus,9,Turf,
811,5/4/25,7,28,6762,1.127,91750,239,9:20:29,1328,Acanthurus nigrofuscus,21,Turf,
812,5/4/25,7,28,6762,1.127,91750,241,9:20:31,1328,Chlorurus sordidus,4,Turf,
813,5/4/25,7,28,6762,1.127,91750,241,9:20:31,1328,Acanthurus nigrofuscus,4,Turf,
814,5/4/25,7,28,6762,1.127,91750,317,9:21:07,1328,Ctenochaetus striatus,8,Turf,
815,5/4/25,7,28,6762,1.127,91750,402,9:21:52,1328,Ctenochaetus striatus,3,Turf,
816,5/4/25,7,28,6762,1.127,91750,440,9:22:30,1328,Ctenochaetus striatus,5,Turf,
817,5/4/25,7,28,6762,1.127,91750,518,9:23:08,1328,Acanthurus nigrofuscus,7,Turf,
818,5/4/25,7,28,6762,1.127,91750,617,9:24:07,1328,Ctenochaetus striatus,3,Turf,
819,5/4/25,7,28,6762,1.127,91750,910,9:27:00,1328,Ctenochaetus striatus,4,Turf,
820,5/4/25,7,28,6762,1.127,91750,915,9:27:05,1328,Acanthurus nigrofuscus,13,Turf,
821,5/4/25,7,28,6762,1.127,91750,948,9:27:38,1328,Ctenochaetus striatus,6,Turf,
822,5/4/25,7,28,6762,1.127,91750,1002,9:27:52,1328,Melichthys vidua,5,Turf,
823,5/4/25,7,28,6762,1.127,91750,1041,9:28:31,1328,Ctenochaetus striatus,2,Turf,
824,5/4/25,7,28,6762,1.127,91750,1113,9:29:03,1328,Ctenochaetus striatus,4,Turf,
825,5/4/25,7,28,6762,1.127,91750,1251,9:30:41,1328,Ctenochaetus striatus,10,Turf,
859,5/4/25,7,28,6762,1.127,93121,12,9:31:33,1329,Ctenochaetus striatus,5,Turf,
860,5/4/25,7,28,6762,1.127,93121,58,9:32:19,1329,Chlorurus sordidus,19,Turf,
861,5/4/25,7,28,6762,1.127,93121,145,9:33:06,1329,Ctenochaetus striatus,3,Turf,
862,5/4/25,7,28,6762,1.127,93121,149,9:33:10,1329,Scarus psittacus,37,Turf,
863,5/4/25,7,28,6762,1.127,93121,209,9:33:30,1329,Chlorurus sordidus,1,Turf,
864,5/4/25,7,28,6762,1.127,93121,254,9:34:15,1329,Chlorurus sordidus,31,Turf,
865,5/4/25,7,28,6762,1.127,93121,307,9:34:28,1329,Ctenochaetus striatus,8,Turf,
866,5/4/25,7,28,6762,1.127,93121,419,9:35:40,1329,Ctenochaetus striatus,3,Turf,
867,5/4/25,7,28,6762,1.127,93121,451,9:36:12,1329,Acanthurus nigrofuscus,27,Turf,
868,5/4/25,7,28,6762,1.127,93121,631,9:37:52,1329,Ctenochaetus striatus,3,Turf,
869,5/4/25,7,28,6762,1.127,93121,656,9:38:17,1329,Ctenochaetus striatus,9,Turf,
870,5/4/25,7,28,6762,1.127,93121,839,9:40:00,1329,Ctenochaetus striatus,5,Turf,
871,5/4/25,7,28,6762,1.127,93121,921,9:40:42,1329,Ctenochaetus striatus,8,Turf,
872,5/4/25,7,28,6762,1.127,93121,944,9:41:05,1329,Acanthurus nigrofuscus,12,Turf,
873,5/4/25,7,28,6762,1.127,93121,952,9:41:13,1329,Ctenochaetus striatus,3,Turf,
874,5/4/25,7,28,6762,1.127,93121,1032,9:41:53,1329,Ctenochaetus striatus,2,Turf,
875,5/4/25,7,28,6762,1.127,93121,1117,9:42:38,1329,Ctenochaetus striatus,2,Turf,
876,5/4/25,7,28,6762,1.127,93121,1134,9:42:55,1329,Ctenochaetus striatus,7,Turf,
877,5/4/25,7,28,6762,1.127,93121,1307,9:44:28,1329,Ctenochaetus striatus,10,Turf,
918,5/4/25,7,28,6762,1.127,94452,28,9:45:20,1328,Scarus psittacus,18,Turf,
919,5/4/25,7,28,6762,1.127,94452,30,9:45:22,1328,Zebrasoma scopas,43,Turf,
920,5/4/25,7,28,6762,1.127,94452,57,9:45:49,1328,Mulloidichthys flavolineatus,9,Turf,
921,5/4/25,7,28,6762,1.127,94452,59,9:45:51,1328,Zebrasoma scopas,3,Turf,
922,5/4/25,7,28,6762,1.127,94452,138,9:46:30,1328,Chlorurus sordidus,5,Turf,
923,5/4/25,7,28,6762,1.127,94452,140,9:46:32,1328,Ctenochaetus striatus,3,Turf,
924,5/4/25,7,28,6762,1.127,94452,338,9:48:30,1328,Scarus psittacus,6,Turf,
925,5/4/25,7,28,6762,1.127,94452,419,9:49:11,1328,Ctenochaetus striatus,6,Turf,
926,5/4/25,7,28,6762,1.127,94452,430,9:49:22,1328,Halichoeres annularis,2,Turf,
927,5/4/25,7,28,6762,1.127,94452,438,9:49:30,1328,Ctenochaetus striatus,8,Turf,
928,5/4/25,7,28,6762,1.127,94452,438,9:49:30,1328,Acanthurus nigrofuscus,48,Turf,
929,5/4/25,7,28,6762,1.127,94452,506,9:49:58,1328,Ctenochaetus striatus,8,Turf,
930,5/4/25,7,28,6762,1.127,94452,536,9:50:28,1328,Ctenochaetus striatus,5,Turf,
931,5/4/25,7,28,6762,1.127,94452,609,9:51:01,1328,Ctenochaetus striatus,4,Turf,
932,5/4/25,7,28,6762,1.127,94452,641,9:51:33,1328,Ctenochaetus striatus,5,Turf,
933,5/4/25,7,28,6762,1.127,94452,804,9:52:56,1328,Ctenochaetus striatus,1,Turf,
934,5/4/25,7,28,6762,1.127,94452,823,9:53:15,1328,Ctenochaetus striatus,1,Turf,
935,5/4/25,7,28,6762,1.127,94452,833,9:53:25,1328,Ctenochaetus striatus,9,Turf,
936,5/4/25,7,28,6762,1.127,94452,850,9:53:42,1328,Zebrasoma scopas,11,Turf,
937,5/4/25,7,28,6762,1.127,94452,907,9:53:59,1328,Ctenochaetus striatus,3,Turf,
938,5/4/25,7,28,6762,1.127,94452,933,9:54:25,1328,Melichthys vidua,4,Turf,
939,5/4/25,7,28,6762,1.127,94452,944,9:54:36,1328,Ctenochaetus striatus,6,Turf,
940,5/4/25,7,28,6762,1.127,94452,1023,9:55:15,1328,Ctenochaetus striatus,4,Turf,
941,5/4/25,7,28,6762,1.127,94452,1123,9:56:15,1328,Ctenochaetus striatus,8,Turf,
942,5/4/25,7,28,6762,1.127,94452,1158,9:56:50,1328,Ctenochaetus striatus,10,Turf,
975,5/4/25,7,28,6762,1.127,95823,34,9:58:57,1329,Ctenochaetus striatus,7,Turf,
976,5/4/25,7,28,6762,1.127,95823,142,10:00:05,1329,Ctenochaetus striatus,21,Turf,
977,5/4/25,7,28,6762,1.127,95823,227,10:00:50,1329,Chlorurus sordidus,1,Turf,
978,5/4/25,7,28,6762,1.127,95823,254,10:01:17,1329,Ctenochaetus striatus,7,Turf,
979,5/4/25,7,28,6762,1.127,95823,435,10:02:58,1329,Ctenochaetus striatus,6,Turf,
980,5/4/25,7,28,6762,1.127,95823,550,10:04:13,1329,Ctenochaetus striatus,6,Turf,
981,5/4/25,7,28,6762,1.127,95823,618,10:04:41,1329,Ctenochaetus striatus,8,Turf,
982,5/4/25,7,28,6762,1.127,95823,650,10:05:13,1329,Ctenochaetus striatus,3,Turf,
983,5/4/25,7,28,6762,1.127,95823,701,10:05:24,1329,Ctenochaetus striatus,3,Turf,
984,5/4/25,7,28,6762,1.127,95823,805,10:06:28,1329,Ctenochaetus striatus,2,Turf,
985,5/4/25,7,28,6762,1.127,95823,819,10:06:42,1329,Ctenochaetus striatus,24,Turf,
986,5/4/25,7,28,6762,1.127,95823,923,10:07:46,1329,Ctenochaetus striatus,10,Turf,
987,5/4/25,7,28,6762,1.127,95823,927,10:07:50,1329,Acanthurus nigrofuscus,25,Turf,
988,5/4/25,7,28,6762,1.127,95823,1043,10:09:06,1329,Ctenochaetus striatus,14,Turf,
989,5/4/25,7,28,6762,1.127,95823,1119,10:09:42,1329,Ctenochaetus striatus,3,Turf,
1003,5/4/25,7,28,6762,1.127,101154,2,10:11:56,119,Ctenochaetus striatus,6,Turf,
1004,5/4/25,7,28,6762,1.127,101154,34,10:12:28,119,Chlorurus sordidus,5,Turf,
1005,5/4/25,7,28,6762,1.127,101154,34,10:12:28,119,Chlorurus sordidus,1,Turf,
1006,5/4/25,7,28,6762,1.127,101154,35,10:12:29,119,Ctenochaetus striatus,13,Turf,