Date,Block,Replicate,totaltime,totaltimehr,Video,timestamp,real_time,videotime,Species,Bites,Treatment,Notes
4/25/25,1,1,5862,0.977,101140,733,10:19:13,1329,Thalassoma hardwicke,4,Turb,
4/25/25,1,1,5862,0.977,102511,800,10:33:11,1329,Thalassoma hardwicke,1,Turb,
4/25/25,1,1,5862,0.977,103842,1111,10:49:53,1329,Thalassoma hardwicke,1,Turb,
4/25/25,1,1,5862,0.977,103842,648,10:45:30,1329,Thalassoma hardwicke,1,Turb,
4/25/25,1,1,5862,0.977,103842,709,10:45:51,1329,Juvenile Parrotfish,1,Turb,"redlip juvie, turf in zone"
4/25/25,1,1,5862,0.977,105213,242,10:54:55,1328,Ctenochaetus striatus,6,Turb,
4/25/25,1,1,5862,0.977,105213,729,10:59:42,1328,Thalassoma hardwicke,3,Turb,
4/25/25,1,1,5862,0.977,110724,27,11:07:51,549,Zebrasoma scopas,7,Turb,
4/25/25,1,1,5862,0.977,110724,103,11:08:27,549,Zebrasoma scopas,2,Turb,
4/25/25,1,2,5864,0.977333333,101320,115,10:14:35,1328,Thalassoma hardwicke,1,Turb,
4/25/25,1,2,5864,0.977333333,101320,117,10:14:37,1328,Thalassoma hardwicke,1,Turb,
4/25/25,1,2,5864,0.977333333,101320,247,10:16:07,1328,Thalassoma hardwicke,2,Turb,
4/25/25,1,2,5864,0.977333333,101320,300,10:16:20,1328,Thalassoma hardwicke,2,Turb,
4/25/25,1,2,5864,0.977333333,101320,926,10:22:46,1328,Thalassoma hardwicke,1,Turb,
4/25/25,1,2,5864,0.977333333,101320,942,10:23:02,1328,Thalassoma hardwicke,2,Turb,
4/25/25,1,3,6319,1.053166667,102650,,10:26:50,1329,,0,Turb,
4/25/25,1,3,6319,1.053166667,103842,700,10:45:42,1329,Juvenile Parrotfish,2,Turb,
4/25/25,1,3,6319,1.053166667,104021,0,10:40:21,1329,,0,Turb,
4/25/25,1,3,6319,1.053166667,105353,318,10:57:11,1329,Zebrasoma scopas,3,Turb,
4/25/25,1,3,6319,1.053166667,110543,0,11:05:43,736,,0,Turb,
4/25/25,1,3,6319,1.053166667,100957,448,10:14:45,1329,Ctenochaetus striatus,6,Turf,
4/25/25,1,3,6319,1.053166667,100957,818,10:18:15,1329,Ctenochaetus striatus,5,Turf,
4/25/25,1,3,6319,1.053166667,100957,1009,10:20:06,1329,Ctenochaetus striatus,11,Turf,
4/25/25,1,3,6319,1.053166667,100957,1146,10:21:43,1329,Juvenile Parrotfish,16,Turf,
4/25/25,1,3,6319,1.053166667,100957,1146,10:21:43,1329,Juvenile Parrotfish,10,Turf,
4/25/25,1,3,6319,1.053166667,100957,1146,10:21:43,1329,Juvenile Parrotfish,6,Turf,
4/25/25,1,3,6319,1.053166667,100957,1154,10:21:51,1329,Juvenile Parrotfish,5,Turf,
4/25/25,1,3,6319,1.053166667,100957,1154,10:21:51,1329,Juvenile Parrotfish,3,Turf,
4/25/25,1,3,6319,1.053166667,100957,1154,10:21:51,1329,Juvenile Parrotfish,14,Turf,
4/25/25,1,3,6319,1.053166667,102329,1150,10:35:19,1328,Ctenochaetus striatus,3,Turf,
4/25/25,1,3,6319,1.053166667,103659,417,10:41:16,1329,Ctenochaetus striatus,8,Turf,
4/25/25,1,3,6319,1.053166667,103659,451,10:41:50,1329,Ctenochaetus striatus,5,Turf,
4/25/25,1,3,6319,1.053166667,103659,830,10:45:29,1329,Ctenochaetus striatus,1,Turf,
4/25/25,1,3,6319,1.053166667,105030,113,10:51:43,1328,Ctenochaetus striatus,3,Turf,
4/25/25,1,3,6319,1.053166667,105030,253,10:53:23,1328,Acanthurus nigrofuscus,5,Turf,
4/25/25,1,3,6319,1.053166667,105030,626,10:56:56,1328,Ctenochaetus striatus,6,Turf,
4/25/25,1,3,6319,1.053166667,105030,701,10:57:31,1328,Ctenochaetus striatus,4,Turf,
4/25/25,1,3,6319,1.053166667,105030,702,10:57:32,1328,Ctenochaetus striatus,9,Turf,
4/25/25,1,3,6319,1.053166667,105030,914,10:59:44,1328,Acanthurus nigrofuscus,12,Turf,
4/25/25,1,3,6319,1.053166667,105030,932,11:00:02,1328,Acanthurus nigrofuscus,3,Turf,
4/25/25,1,3,6319,1.053166667,105030,1214,11:02:44,1328,Acanthurus nigrofuscus,12,Turf,
4/25/25,1,3,6319,1.053166667,110400,0,11:04:00,1005,Ctenochaetus striatus,9,Turf,
4/25/25,1,3,6319,1.053166667,110400,51,11:04:51,1005,Acanthurus nigrofuscus,2,Turf,
4/25/25,1,3,6319,1.053166667,110400,149,11:05:49,1005,Acanthurus nigrofuscus,7,Turf,
4/25/25,1,3,6319,1.053166667,110400,420,11:08:20,1005,Acanthurus nigrofuscus,8,Turf,
4/25/25,1,3,6319,1.053166667,110400,429,11:08:29,1005,Juvenile Parrotfish,56,Turf,
4/25/25,1,3,6319,1.053166667,110400,430,11:08:30,1005,Juvenile Parrotfish,37,Turf,
4/25/25,1,3,6319,1.053166667,110400,432,11:08:32,1005,Juvenile Parrotfish,18,Turf,
4/25/25,1,3,6319,1.053166667,110400,434,11:08:34,1005,Ctenochaetus striatus,4,Turf,
4/25/25,1,3,6319,1.053166667,110400,444,11:08:44,1005,Juvenile Parrotfish,5,Turf,
4/25/25,1,3,6319,1.053166667,110400,509,11:09:09,1005,Juvenile Parrotfish,12,Turf,GREY
4/25/25,1,3,6319,1.053166667,110400,509,11:09:09,1005,Juvenile Parrotfish,12,Turf,GREY
4/25/25,1,3,6319,1.053166667,110400,509,11:09:09,1005,Juvenile Parrotfish,7,Turf,BROWN
4/25/25,1,3,6319,1.053166667,110400,509,11:09:09,1005,Juvenile Parrotfish,5,Turf,brown
4/25/25,1,3,6319,1.053166667,110400,520,11:09:20,1005,Ctenochaetus striatus,2,Turf,
4/25/25,1,3,6319,1.053166667,110400,532,11:09:32,1005,Acanthurus nigrofuscus,3,Turf,
4/25/25,1,3,6319,1.053166667,110400,530,11:09:30,1005,Ctenochaetus striatus,8,Turf,
4/25/25,1,3,6319,1.053166667,110400,850,11:12:50,1005,Ctenochaetus striatus,5,Turf,
4/25/25,1,4,6644,1.107333333,100525,909,10:14:34,1329,Ctenochaetus striatus,33,Turf,
4/25/25,1,4,6644,1.107333333,100525,1131,10:16:56,1329,Chlorurus sordidus,8,Turf,
4/25/25,1,4,6644,1.107333333,100525,1210,10:17:35,1329,Ctenochaetus striatus,18,Turf,
4/25/25,1,4,6644,1.107333333,101856,112,10:20:08,1329,Ctenochaetus striatus,11,Turf,
4/25/25,1,4,6644,1.107333333,101856,226,10:21:22,1329,Zebrasoma scopas,5,Turf,
4/25/25,1,4,6644,1.107333333,101856,235,10:21:31,1329,Ctenochaetus striatus,4,Turf,
4/25/25,1,4,6644,1.107333333,101856,438,10:23:34,1329,Ctenochaetus striatus,20,Turf,
4/25/25,1,4,6644,1.107333333,101856,1004,10:29:00,1329,Juvenile Parrotfish,5,Turf,
4/25/25,1,4,6644,1.107333333,101856,1130,10:30:26,1329,Ctenochaetus striatus,10,Turf,
4/25/25,1,4,6644,1.107333333,101856,1244,10:31:40,1329,Ctenochaetus striatus,2,Turf,
4/25/25,1,4,6644,1.107333333,103227,24,10:32:51,1329,Ctenochaetus striatus,2,Turf,
4/25/25,1,4,6644,1.107333333,103227,209,10:34:36,1329,Ctenochaetus striatus,11,Turf,
4/25/25,1,4,6644,1.107333333,103227,443,10:37:10,1329,Ctenochaetus striatus,12,Turf,
4/25/25,1,4,6644,1.107333333,103227,653,10:39:20,1329,Ctenochaetus striatus,18,Turf,
4/25/25,1,4,6644,1.107333333,103227,743,10:40:10,1329,Chlorurus sordidus,4,Turf,
4/25/25,1,4,6644,1.107333333,103227,756,10:40:23,1329,Zebrasoma scopas,6,Turf,
4/25/25,1,4,6644,1.107333333,103227,812,10:40:39,1329,Zebrasoma scopas,10,Turf,
4/25/25,1,4,6644,1.107333333,103227,815,10:40:42,1329,Ctenochaetus striatus,13,Turf,
4/25/25,1,4,6644,1.107333333,103227,1144,10:44:11,1329,Juvenile Parrotfish,7,Turf,
4/25/25,1,4,6644,1.107333333,103227,1202,10:44:29,1329,Ctenochaetus striatus,10,Turf,
4/25/25,1,4,6644,1.107333333,103227,1203,10:44:30,1329,Juvenile Parrotfish,24,Turf,
4/25/25,1,4,6644,1.107333333,103227,1213,10:44:40,1329,Chlorurus sordidus,12,Turf,
4/25/25,1,4,6644,1.107333333,103227,1213,10:44:40,1329,Ctenochaetus striatus,8,Turf,
4/25/25,1,4,6644,1.107333333,103227,1230,10:44:57,1329,Chlorurus sordidus,16,Turf,
4/25/25,1,4,6644,1.107333333,103227,1242,10:45:09,1329,Ctenochaetus striatus,11,Turf,
4/25/25,1,4,6644,1.107333333,103227,1259,10:45:26,1329,Chlorurus sordidus,2,Turf,
4/25/25,1,4,6644,1.107333333,103227,1256,10:45:23,1329,Juvenile Parrotfish,12,Turf,
4/25/25,1,4,6644,1.107333333,103227,1303,10:45:30,1329,Ctenochaetus striatus,29,Turf,
4/25/25,1,4,6644,1.107333333,103227,1324,10:45:51,1329,Juvenile Parrotfish,7,Turf,
4/25/25,1,4,6644,1.107333333,104558,422,10:50:20,1328,Ctenochaetus striatus,8,Turf,
4/25/25,1,4,6644,1.107333333,104558,443,10:50:41,1328,Ctenochaetus striatus,1,Turf,
4/25/25,1,4,6644,1.107333333,104558,908,10:55:06,1328,Ctenochaetus striatus,1,Turf,
4/25/25,1,4,6644,1.107333333,104558,941,10:55:39,1328,Ctenochaetus striatus,2,Turf,
4/25/25,1,4,6644,1.107333333,104558,1007,10:56:05,1328,Zebrasoma scopas,1,Turf,
4/25/25,1,4,6644,1.107333333,104558,1111,10:57:09,1328,Juvenile Parrotfish,23,Turf,
4/25/25,1,4,6644,1.107333333,104558,1215,10:58:13,1328,Acanthurus nigrofuscus,16,Turf,
4/25/25,1,4,6644,1.107333333,105928,218,11:01:46,1329,Zebrasoma scopas,3,Turf,
4/25/25,1,4,6644,1.107333333,105928,235,11:02:03,1329,Acanthurus nigrofuscus,8,Turf,
4/25/25,1,4,6644,1.107333333,105928,246,11:02:14,1329,Zebrasoma scopas,8,Turf,
4/25/25,1,4,6644,1.107333333,105928,312,11:02:40,1329,Juvenile Parrotfish,21,Turf,
4/25/25,1,4,6644,1.107333333,105928,323,11:02:51,1329,Acanthurus nigrofuscus,12,Turf,
4/25/25,1,4,6644,1.107333333,105928,350,11:03:18,1329,Zebrasoma scopas,2,Turf,
4/25/25,1,4,6644,1.107333333,105928,403,11:03:31,1329,Juvenile Parrotfish,169,Turf,til 6:08
4/25/25,1,4,6644,1.107333333,105928,406,11:03:34,1329,Acanthurus nigrofuscus,24,Turf,
4/25/25,1,4,6644,1.107333333,105928,528,11:04:56,1329,Zebrasoma scopas,1,Turf,
4/25/25,1,4,6644,1.107333333,105928,557,11:05:25,1329,Juvenile Parrotfish,13,Turf,
4/25/25,1,4,6644,1.107333333,105928,619,11:05:47,1329,Acanthurus nigrofuscus,3,Turf,
4/25/25,1,4,6644,1.107333333,105928,717,11:06:45,1329,Acanthurus nigrofuscus,15,Turf,
4/25/25,1,4,6644,1.107333333,105928,804,11:07:32,1329,Acanthurus nigrofuscus,3,Turf,
4/25/25,1,4,6644,1.107333333,105928,812,11:07:40,1329,Zebrasoma scopas,27,Turf,
4/25/25,1,4,6644,1.107333333,105928,827,11:07:55,1329,Ctenochaetus striatus,6,Turf,
4/25/25,1,4,6644,1.107333333,105928,912,11:08:40,1329,Ctenochaetus striatus,9,Turf,
4/25/25,1,4,6644,1.107333333,105928,909,11:08:37,1329,Zebrasoma scopas,11,Turf,
4/25/25,1,4,6644,1.107333333,105928,926,11:08:54,1329,Juvenile Parrotfish,81,Turf,til 10:39
4/25/25,1,4,6644,1.107333333,105928,939,11:09:07,1329,Ctenochaetus striatus,31,Turf,
4/25/25,1,4,6644,1.107333333,105928,1029,11:09:57,1329,Ctenochaetus striatus,4,Turf,
4/25/25,1,4,6644,1.107333333,105928,1122,11:10:50,1329,Juvenile Parrotfish,36,Turf,
4/25/25,1,4,6644,1.107333333,105928,1142,11:11:10,1329,Ctenochaetus striatus,17,Turf,
4/25/25,1,4,6644,1.107333333,105928,1155,11:11:23,1329,Zebrasoma scopas,10,Turf,
4/25/25,1,4,6644,1.107333333,105928,1207,11:11:35,1329,Ctenochaetus striatus,24,Turf,
4/28/25,2,5,4098,0.683,105500,110,10:56:10,1329,Ctenochaetus striatus,11,Turf,
4/28/25,2,5,4098,0.683,105500,215,10:57:15,1329,Ctenochaetus striatus,5,Turf,
4/28/25,2,5,4098,0.683,105500,340,10:58:40,1329,Ctenochaetus striatus,7,Turf,
4/28/25,2,5,4098,0.683,105500,354,10:58:54,1329,Acanthurus nigrofuscus,25,Turf,
4/28/25,2,5,4098,0.683,105500,420,10:59:20,1329,Ctenochaetus striatus,3,Turf,
4/28/25,2,5,4098,0.683,105500,536,11:00:36,1329,Ctenochaetus striatus,14,Turf,
4/28/25,2,5,4098,0.683,105500,606,11:01:06,1329,Ctenochaetus striatus,15,Turf,
4/28/25,2,5,4098,0.683,105500,721,11:02:21,1329,Ctenochaetus striatus,10,Turf,
4/28/25,2,5,4098,0.683,105500,849,11:03:49,1329,Ctenochaetus striatus,9,Turf,
4/28/25,2,5,4098,0.683,105500,1205,11:07:05,1329,Ctenochaetus striatus,8,Turf,
4/28/25,2,5,4098,0.683,110831,57,11:09:28,1329,Ctenochaetus striatus,14,Turf,
4/28/25,2,5,4098,0.683,110831,211,11:10:42,1329,Ctenochaetus striatus,24,Turf,
4/28/25,2,5,4098,0.683,110831,408,11:12:39,1329,Ctenochaetus striatus,12,Turf,
4/28/25,2,5,4098,0.683,110831,452,11:13:23,1329,Chaetodon vagabundus,4,Turf,
4/28/25,2,5,4098,0.683,110831,514,11:13:45,1329,Ctenochaetus striatus,20,Turf,
4/28/25,2,5,4098,0.683,110831,621,11:14:52,1329,Ctenochaetus striatus,34,Turf,
4/28/25,2,5,4098,0.683,110831,716,11:15:47,1329,Ctenochaetus striatus,8,Turf,
4/28/25,2,5,4098,0.683,110831,734,11:16:05,1329,Thalassoma hardwicke,1,Turf,
4/28/25,2,5,4098,0.683,110831,746,11:16:17,1329,Acanthurus nigrofuscus,15,Turf,
4/28/25,2,5,4098,0.683,110831,811,11:16:42,1329,Acanthurus nigrofuscus,20,Turf,
4/28/25,2,5,4098,0.683,110831,830,11:17:01,1329,Acanthurus nigrofuscus,4,Turf,
4/28/25,2,5,4098,0.683,110831,832,11:17:03,1329,Ctenochaetus striatus,5,Turf,
4/28/25,2,5,4098,0.683,110831,954,11:18:25,1329,Ctenochaetus striatus,2,Turf,
4/28/25,2,5,4098,0.683,110831,1024,11:18:55,1329,Ctenochaetus striatus,1,Turf,
4/28/25,2,5,4098,0.683,110831,1026,11:18:57,1329,Ctenochaetus striatus,8,Turf,
4/28/25,2,5,4098,0.683,110831,1056,11:19:27,1329,Ctenochaetus striatus,9,Turf,
4/28/25,2,5,4098,0.683,110831,1117,11:19:48,1329,Ctenochaetus striatus,11,Turf,
4/28/25,2,5,4098,0.683,110831,1204,11:20:35,1329,Ctenochaetus striatus,5,Turf,
4/28/25,2,5,4098,0.683,110831,1232,11:21:03,1329,Ctenochaetus striatus,18,Turf,
4/28/25,2,5,4098,0.683,110831,1257,11:21:28,1329,Acanthurus nigrofuscus,14,Turf,
4/28/25,2,5,4098,0.683,110831,1311,11:21:42,1329,Ctenochaetus striatus,10,Turf,
4/28/25,2,5,4098,0.683,110831,1316,11:21:47,1329,Zebrasoma scopas,10,Turf,
4/28/25,2,5,4098,0.683,112202,0,11:22:02,1329,Chlorurus sordidus,67,Turf,
4/28/25,2,5,4098,0.683,112202,5,11:22:07,1329,Ctenochaetus striatus,16,Turf,
4/28/25,2,5,4098,0.683,112202,114,11:23:16,1329,Ctenochaetus striatus,2,Turf,
4/28/25,2,5,4098,0.683,112202,123,11:23:25,1329,Ctenochaetus striatus,18,Turf,
4/28/25,2,5,4098,0.683,112202,201,11:24:03,1329,Juvenile thalassoma,2,Turf,
4/28/25,2,5,4098,0.683,112202,242,11:24:44,1329,Ctenochaetus striatus,15,Turf,
4/28/25,2,5,4098,0.683,112202,313,11:25:15,1329,Ctenochaetus striatus,9,Turf,
4/28/25,2,5,4098,0.683,112202,328,11:25:30,1329,Acanthurus nigrofuscus,7,Turf,
4/28/25,2,5,4098,0.683,112202,637,11:28:39,1329,Ctenochaetus striatus,2,Turf,
4/28/25,2,5,4098,0.683,112202,649,11:28:51,1329,Juvenile wrasse,1,Turf,
4/28/25,2,5,4098,0.683,112202,714,11:29:16,1329,Ctenochaetus striatus,4,Turf,
4/28/25,2,5,4098,0.683,112202,733,11:29:35,1329,Juvenile wrasse,2,Turf,
4/28/25,2,5,4098,0.683,112202,748,11:29:50,1329,Chlorurus sordidus,6,Turf,
4/28/25,2,5,4098,0.683,112202,800,11:30:02,1329,Juvenile wrasse,1,Turf,
4/28/25,2,5,4098,0.683,112202,805,11:30:07,1329,Juvenile wrasse,3,Turf,
4/28/25,2,5,4098,0.683,112202,826,11:30:28,1329,Ctenochaetus striatus,4,Turf,
4/28/25,2,5,4098,0.683,112202,835,11:30:37,1329,Juvenile wrasse,2,Turf,
4/28/25,2,5,4098,0.683,112202,855,11:30:57,1329,Ctenochaetus striatus,13,Turf,
4/28/25,2,5,4098,0.683,112202,902,11:31:04,1329,Juvenile parrotfish,2,Turf,
4/28/25,2,5,4098,0.683,112202,930,11:31:32,1329,Juvenile Parrotfish,4,Turf,
4/28/25,2,5,4098,0.683,112202,930,11:31:32,1329,Stethojulis bandanesis ,4,Turf,
4/28/25,2,5,4098,0.683,112202,1057,11:32:59,1329,Ctenochaetus striatus,3,Turf,
4/28/25,2,5,4098,0.683,112202,1219,11:34:21,1329,Ctenochaetus striatus,3,Turf,
4/28/25,2,5,4098,0.683,112202,1309,11:35:11,1329,Juvenile Parrotfish,2,Turf,
4/28/25,2,5,4098,0.683,113533,25,11:35:58,111,Ctenochaetus striatus,4,Turf,
4/28/25,2,5,4098,0.683,113533,26,11:35:59,111,Juvenile wrasse,3,Turf,
4/28/25,2,6,4139,0.689833333,105251,217,10:55:08,1328,Acanthurus nigrofuscus,20,Turb,
4/28/25,2,6,4139,0.689833333,105251,222,10:55:13,1328,Thalassoma hardwicke,2,Turb,
4/28/25,2,6,4139,0.689833333,105251,330,10:56:21,1328,Acanthurus nigrofuscus,4,Turb,
4/28/25,2,6,4139,0.689833333,105251,1148,11:04:39,1328,Acanthurus nigrofuscus,12,Turb,
4/28/25,2,6,4139,0.689833333,110621,13,11:06:34,1329,Acanthurus nigrofuscus,27,Turb,
4/28/25,2,6,4139,0.689833333,110621,400,11:10:21,1329,Acanthurus nigrofuscus,23,Turb,
4/28/25,2,6,4139,0.689833333,110621,550,11:12:11,1329,Acanthurus nigrofuscus,8,Turb,
4/28/25,2,6,4139,0.689833333,110621,717,11:13:38,1329,Acanthurus nigrofuscus,35,Turb,spans to 08:01
4/28/25,2,6,4139,0.689833333,110621,943,11:16:04,1329,Acanthurus nigrofuscus,8,Turb,
4/28/25,2,6,4139,0.689833333,111952,114,11:21:06,1329,Acanthurus nigrofuscus,17,Turb,
4/28/25,2,6,4139,0.689833333,111952,322,11:23:14,1329,Thalassoma hardwicke,2,Turb,
4/28/25,2,6,4139,0.689833333,111952,326,11:23:18,1329,Acanthurus nigrofuscus,10,Turb,
4/28/25,2,6,4139,0.689833333,111952,453,11:24:45,1329,Thalassoma hardwicke,1,Turb,
4/28/25,2,6,4139,0.689833333,111952,527,11:25:19,1329,Acanthurus nigrofuscus,2,Turb,
4/28/25,2,6,4139,0.689833333,111952,653,11:26:45,1329,Zebrasoma scopas,2,Turb,
4/28/25,2,6,4139,0.689833333,111952,727,11:27:19,1329,Acanthurus nigrofuscus,2,Turb,
4/28/25,2,6,4139,0.689833333,111952,1009,11:30:01,1329,Acanthurus nigrofuscus,8,Turb,
4/28/25,2,6,4139,0.689833333,111952,1243,11:32:35,1329,Acanthurus nigrofuscus,12,Turb,
4/28/25,2,6,4139,0.689833333,113324,0,11:33:24,153,,0,Turb,
4/28/25,2,7,4329,0.7215,113205,227,11:34:32,252,Acanthurus nigrofuscus,5,Turb,
4/28/25,2,7,4329,0.7215,105132,102,10:52:34,1329,Ctenochaetus striatus,9,Turf,
4/28/25,2,7,4329,0.7215,105132,207,10:53:39,1329,Acanthurus nigrofuscus,6,Turf,
4/28/25,2,7,4329,0.7215,105132,248,10:54:20,1329,Ctenochaetus striatus,25,Turf,
4/28/25,2,7,4329,0.7215,105132,417,10:55:49,1329,Ctenochaetus striatus,15,Turf,
4/28/25,2,7,4329,0.7215,105132,424,10:55:56,1329,Zebrasoma scopas,50,Turf,scavenged to 6:08
4/28/25,2,7,4329,0.7215,105132,439,10:56:11,1329,Ctenochaetus striatus,24,Turf,
4/28/25,2,7,4329,0.7215,105132,442,10:56:14,1329,Ctenochaetus striatus,8,Turf,
4/28/25,2,7,4329,0.7215,105132,440,10:56:12,1329,Ctenochaetus striatus,23,Turf,
4/28/25,2,7,4329,0.7215,105132,546,10:57:18,1329,Ctenochaetus striatus,8,Turf,
4/28/25,2,7,4329,0.7215,105132,620,10:57:52,1329,Ctenochaetus striatus,12,Turf,
4/28/25,2,7,4329,0.7215,105132,626,10:57:58,1329,Zebrasoma scopas,10,Turf,
4/28/25,2,7,4329,0.7215,105132,722,10:58:54,1329,Acanthurus nigrofuscus,12,Turf,
4/28/25,2,7,4329,0.7215,105132,728,10:59:00,1329,Ctenochaetus striatus,17,Turf,
4/28/25,2,7,4329,0.7215,105132,831,11:00:03,1329,Ctenochaetus striatus,10,Turf,
4/28/25,2,7,4329,0.7215,105132,838,11:00:10,1329,Acanthurus nigrofuscus,11,Turf,
4/28/25,2,7,4329,0.7215,105132,844,11:00:16,1329,Ctenochaetus striatus,20,Turf,
4/28/25,2,7,4329,0.7215,105132,913,11:00:45,1329,Zebrasoma scopas,19,Turf,Scavenged to 10:57
4/28/25,2,7,4329,0.7215,105132,918,11:00:50,1329,Acanthurus nigrofuscus,12,Turf,
4/28/25,2,7,4329,0.7215,105132,1023,11:01:55,1329,Ctenochaetus striatus,3,Turf,
4/28/25,2,7,4329,0.7215,105132,1028,11:02:00,1329,Chlorurus sordidus,2,Turf,
4/28/25,2,7,4329,0.7215,105132,1030,11:02:02,1329,Chlorurus sordidus,6,Turf,
4/28/25,2,7,4329,0.7215,105132,1037,11:02:09,1329,Chlorurus sordidus,10,Turf,
4/28/25,2,7,4329,0.7215,105132,1045,11:02:17,1329,Chlorurus sordidus,1,Turf,
4/28/25,2,7,4329,0.7215,105132,1038,11:02:10,1329,Ctenochaetus striatus,2,Turf,
4/28/25,2,7,4329,0.7215,105132,1051,11:02:23,1329,Zebrasoma scopas,6,Turf,
4/28/25,2,7,4329,0.7215,105132,1127,11:02:59,1329,Acanthurus nigrofuscus,15,Turf,
4/28/25,2,7,4329,0.7215,105132,1209,11:03:41,1329,Ctenochaetus striatus,10,Turf,
4/28/25,2,7,4329,0.7215,105132,1251,11:04:23,1329,Ctenochaetus striatus,20,Turf,
4/28/25,2,7,4329,0.7215,105132,1318,11:04:50,1329,Thalassoma hardwicke,1,Turf,
4/28/25,2,7,4329,0.7215,110503,2,11:05:05,1329,Acanthurus nigrofuscus,7,Turf,
4/28/25,2,7,4329,0.7215,110503,56,11:05:59,1329,Ctenochaetus striatus,13,Turf,
4/28/25,2,7,4329,0.7215,110503,128,11:06:31,1329,Acanthurus nigrofuscus,9,Turf,
4/28/25,2,7,4329,0.7215,110503,205,11:07:08,1329,Zebrasoma scopas,3,Turf,
4/28/25,2,7,4329,0.7215,110503,219,11:07:22,1329,Ctenochaetus striatus,5,Turf,
4/28/25,2,7,4329,0.7215,110503,232,11:07:35,1329,Acanthurus nigrofuscus,29,Turf,
4/28/25,2,7,4329,0.7215,110503,317,11:08:20,1329,Acanthurus nigrofuscus,19,Turf,
4/28/25,2,7,4329,0.7215,110503,359,11:09:02,1329,Acanthurus nigrofuscus,13,Turf,
4/28/25,2,7,4329,0.7215,110503,433,11:09:36,1329,Acanthurus nigrofuscus,1,Turf,
4/28/25,2,7,4329,0.7215,110503,434,11:09:37,1329,Zebrasoma scopas,64,Turf,
4/28/25,2,7,4329,0.7215,110503,503,11:10:06,1329,Chlorurus sordidus,1,Turf,
4/28/25,2,7,4329,0.7215,110503,520,11:10:23,1329,Ctenochaetus striatus,7,Turf,
4/28/25,2,7,4329,0.7215,110503,619,11:11:22,1329,Ctenochaetus striatus,44,Turf,
4/28/25,2,7,4329,0.7215,110503,648,11:11:51,1329,Acanthurus nigrofuscus,38,Turf,
4/28/25,2,7,4329,0.7215,110503,729,11:12:32,1329,Ctenochaetus striatus,28,Turf,
4/28/25,2,7,4329,0.7215,110503,736,11:12:39,1329,Acanthurus nigrofuscus,37,Turf,
4/28/25,2,7,4329,0.7215,110503,838,11:13:41,1329,Ctenochaetus striatus,9,Turf,
4/28/25,2,7,4329,0.7215,110503,852,11:13:55,1329,Acanthurus nigrofuscus,18,Turf,
4/28/25,2,7,4329,0.7215,110503,947,11:14:50,1329,Ctenochaetus striatus,14,Turf,
4/28/25,2,7,4329,0.7215,110503,944,11:14:47,1329,Acanthurus nigrofuscus,13,Turf,
4/28/25,2,7,4329,0.7215,110503,1116,11:16:19,1329,Ctenochaetus striatus,5,Turf,
4/28/25,2,7,4329,0.7215,110503,1056,11:15:59,1329,Zebrasoma scopas,11,Turf,spans to 1156
4/28/25,2,7,4329,0.7215,110503,1217,11:17:20,1329,Chlorurus sordidus,8,Turf,
4/28/25,2,7,4329,0.7215,110503,1221,11:17:24,1329,Chlorurus sordidus,7,Turf,
4/28/25,2,7,4329,0.7215,110503,1222,11:17:25,1329,Chlorurus sordidus,6,Turf,
4/28/25,2,7,4329,0.7215,110503,1228,11:17:31,1329,Ctenochaetus striatus,13,Turf,
4/28/25,2,7,4329,0.7215,110503,1312,11:18:15,1329,Acanthurus nigrofuscus,3,Turf,
4/28/25,2,7,4329,0.7215,111834,105,11:19:39,1329,Acanthurus nigrofuscus,26,Turf,
4/28/25,2,7,4329,0.7215,111834,117,11:19:51,1329,Ctenochaetus striatus,3,Turf,
4/28/25,2,7,4329,0.7215,111834,145,11:20:19,1329,Ctenochaetus striatus,16,Turf,
4/28/25,2,7,4329,0.7215,111834,242,11:21:16,1329,Ctenochaetus striatus,15,Turf,
4/28/25,2,7,4329,0.7215,111834,258,11:21:32,1329,Acanthurus nigrofuscus,9,Turf,
4/28/25,2,7,4329,0.7215,111834,439,11:23:13,1329,Acanthurus nigrofuscus,19,Turf,
4/28/25,2,7,4329,0.7215,111834,447,11:23:21,1329,Ctenochaetus striatus,12,Turf,
4/28/25,2,7,4329,0.7215,111834,611,11:24:45,1329,Ctenochaetus striatus,11,Turf,
4/28/25,2,7,4329,0.7215,111834,613,11:24:47,1329,Acanthurus nigrofuscus,39,Turf,
4/28/25,2,7,4329,0.7215,111834,632,11:25:06,1329,Chlorurus sordidus,3,Turf,
4/28/25,2,7,4329,0.7215,111834,643,11:25:17,1329,Acanthurus nigrofuscus,2,Turf,
4/28/25,2,7,4329,0.7215,111834,658,11:25:32,1329,Ctenochaetus striatus,8,Turf,
4/28/25,2,7,4329,0.7215,111834,726,11:26:00,1329,Zebrasoma scopas,30,Turf,
4/28/25,2,7,4329,0.7215,111834,757,11:26:31,1329,Ctenochaetus striatus,20,Turf,
4/28/25,2,7,4329,0.7215,111834,816,11:26:50,1329,Acanthurus nigrofuscus,17,Turf,
4/28/25,2,7,4329,0.7215,111834,856,11:27:30,1329,Acanthurus nigrofuscus,14,Turf,
4/28/25,2,7,4329,0.7215,111834,906,11:27:40,1329,Ctenochaetus striatus,25,Turf,
4/28/25,2,7,4329,0.7215,111834,930,11:28:04,1329,Ctenochaetus striatus,12,Turf,
4/28/25,2,7,4329,0.7215,111834,1024,11:28:58,1329,Ctenochaetus striatus,11,Turf,
4/28/25,2,7,4329,0.7215,111834,1049,11:29:23,1329,Acanthurus nigrofuscus,22,Turf,
4/28/25,2,7,4329,0.7215,111834,1234,11:31:08,1329,Ctenochaetus striatus,17,Turf,
4/28/25,2,7,4329,0.7215,111834,1324,11:31:58,1329,Acanthurus nigrofuscus,14,Turf,
4/28/25,2,7,4329,0.7215,113205,0,11:32:05,252,Acanthurus nigrofuscus,6,Turf,
4/28/25,2,7,4329,0.7215,113205,18,11:32:23,252,Ctenochaetus striatus,21,Turf,
4/28/25,2,7,4329,0.7215,113205,107,11:33:12,252,Ctenochaetus striatus,14,Turf,
4/28/25,2,8,4426,0.737666667,105040,505,10:55:45,1329,Cheilodipterus quinquelineatus,2,Turb,*
4/28/25,2,8,4426,0.737666667,105040,507,10:55:47,1329,Labroides rubrolabiatus,2,Turb,
4/28/25,2,8,4426,0.737666667,105040,648,10:57:28,1329,Labroides rubrolabiatus,2,Turb,
4/28/25,2,8,4426,0.737666667,105040,650,10:57:30,1329,Labroides rubrolabiatus,1,Turb,
4/28/25,2,8,4426,0.737666667,105040,815,10:58:55,1329,Cheilodipterus quinquelineatus,2,Turb,*
4/28/25,2,8,4426,0.737666667,105040,816,10:58:56,1329,Labroides rubrolabiatus,1,Turb,
4/28/25,2,8,4426,0.737666667,105040,1021,11:01:01,1329,Labroides rubrolabiatus,3,Turb,
4/28/25,2,8,4426,0.737666667,105040,1131,11:02:11,1329,Labroides rubrolabiatus,1,Turb,
4/28/25,2,8,4426,0.737666667,110411,18,11:04:29,1329,Ctenochaetus striatus,4,Turb,"Additionally, 7 bites on turf"
4/28/25,2,8,4426,0.737666667,110411,144,11:05:55,1329,Labroides rubrolabiatus,6,Turb,
4/28/25,2,8,4426,0.737666667,110411,159,11:06:10,1329,Juvenile Parrotfish,5,Turb,initial bulletnose
4/28/25,2,8,4426,0.737666667,110411,233,11:06:44,1329,Labroides rubrolabiatus,3,Turb,
4/28/25,2,8,4426,0.737666667,110411,234,11:06:45,1329,Juvenile Parrotfish,1,Turb,initial bulletnose
4/28/25,2,8,4426,0.737666667,110411,245,11:06:56,1329,Juvenile Parrotfish,3,Turb,
4/28/25,2,8,4426,0.737666667,110411,249,11:07:00,1329,Labroides rubrolabiatus,5,Turb,
4/28/25,2,8,4426,0.737666667,110411,309,11:07:20,1329,Acanthurus nigrofuscus,6,Turb,
4/28/25,2,8,4426,0.737666667,110411,315,11:07:26,1329,Juvenile Parrotfish,6,Turb,initial bulletnose
4/28/25,2,8,4426,0.737666667,110411,316,11:07:27,1329,Labroides rubrolabiatus,6,Turb,
4/28/25,2,8,4426,0.737666667,110411,532,11:09:43,1329,Juvenile Parrotfish,4,Turb,initial bulletnose
4/28/25,2,8,4426,0.737666667,110411,603,11:10:14,1329,Ctenochaetus striatus,3,Turb,
4/28/25,2,8,4426,0.737666667,110411,714,11:11:25,1329,Cheilodipterus quinquelineatus,1,Turb,initial bulletnose
4/28/25,2,8,4426,0.737666667,110411,742,11:11:53,1329,Parupeneus multifasciatus ,2,Turb,
4/28/25,2,8,4426,0.737666667,110411,836,11:12:47,1329,Chlorurus sordidus,1,Turb,
4/28/25,2,8,4426,0.737666667,110411,1104,11:15:15,1329,Cheilodipterus quinquelineatus,1,Turb,initial bulletnose 
4/28/25,2,8,4426,0.737666667,110411,1127,11:15:38,1329,Chlorurus sordidus,2,Turb,
4/28/25,2,8,4426,0.737666667,110411,1208,11:16:19,1329,Cheilodipterus quinquelineatus,1,Turb,initial bulletnose
4/28/25,2,8,4426,0.737666667,111742,336,11:21:18,1329,Acanthurus nigrofuscus,19,Turb,
4/28/25,2,8,4426,0.737666667,111742,716,11:24:58,1329,Acanthurus nigrofuscus,12,Turb,
4/28/25,2,8,4426,0.737666667,111742,909,11:26:51,1329,Acanthurus nigrofuscus,13,Turb,
4/28/25,2,8,4426,0.737666667,113113,23,11:31:36,439,Acanthurus nigrofuscus,11,Turb,
4/28/25,2,8,4426,0.737666667,113113,345,11:34:58,439,Juvenile wrasse,2,Turb,
4/29/25,3,9,1471,0.245166667,93412,,9:34:12,1328,,0,Turb,
4/29/25,3,9,1471,0.245166667,94742,,9:47:42,143,,0,Turb,video cut short by surge
4/29/25,3,10,1765,0.294166667,93057,130,9:32:27,1329,Ctenochaetus striatus,1,Turf,
4/29/25,3,10,1765,0.294166667,93057,322,9:34:19,1329,Acanthurus nigrofuscus,15,Turf,
4/29/25,3,10,1765,0.294166667,93057,344,9:34:41,1329,Thalassoma hardwicke,1,Turf,
4/29/25,3,10,1765,0.294166667,93057,429,9:35:26,1329,Acanthurus nigrofuscus,20,Turf,
4/29/25,3,10,1765,0.294166667,93057,450,9:35:47,1329,Ctenochaetus striatus,6,Turf,
4/29/25,3,10,1765,0.294166667,93057,515,9:36:12,1329,Ctenochaetus striatus,12,Turf,
4/29/25,3,10,1765,0.294166667,93057,723,9:38:20,1329,Juvenile Parrotfish,12,Turf,
4/29/25,3,10,1765,0.294166667,93057,732,9:38:29,1329,Juvenile Parrotfish,9,Turf,
4/29/25,3,10,1765,0.294166667,93057,812,9:39:09,1329,Acanthurus nigrofuscus,8,Turf,
4/29/25,3,10,1765,0.294166667,93057,859,9:39:56,1329,Ctenochaetus striatus,8,Turf,
4/29/25,3,10,1765,0.294166667,93057,1015,9:41:12,1329,Ctenochaetus striatus,13,Turf,
4/29/25,3,10,1765,0.294166667,93057,1035,9:41:32,1329,Zebrasoma scopas,9,Turf,
4/29/25,3,10,1765,0.294166667,93057,1139,9:42:36,1329,Ctenochaetus striatus,19,Turf,
4/29/25,3,10,1765,0.294166667,94427,235,9:47:02,1328,Ctenochaetus striatus,9,Turf,
4/29/25,3,10,1765,0.294166667,94427,335,9:48:02,1328,Ctenochaetus striatus,6,Turf,
4/29/25,3,10,1765,0.294166667,94427,352,9:48:19,438,Ctenochaetus striatus,3,Turf, video cut short by surge
4/29/25,3,11,5822,0.970333333,93552,1054,9:46:46,1329,Acanthurus nigrofuscus,2,Turf,
4/29/25,3,11,5822,0.970333333,94923,508,9:54:31,1328,Zebrasoma scopas,2,Turf,
4/29/25,3,11,5822,0.970333333,94923,730,9:56:53,1328,Ctenochaetus striatus,4,Turf,
4/29/25,3,11,5822,0.970333333,100253,1144,10:14:37,1329,Juvenile Parrotfish,1,Turf,
4/29/25,3,11,5822,0.970333333,101624,2478,10:41:42,1329,Ostracion meleagris,2,Turf,
4/29/25,3,11,5822,0.970333333,101624,606,10:22:30,1329,Scarus rubroviolaceus,2,Turf,redlip? adult
4/29/25,3,11,5822,0.970333333,101624,619,10:22:43,1329,Juvenile Parrotfish,2,Turf,
4/29/25,3,11,5822,0.970333333,101624,1003,10:26:27,1329,Ctenochaetus striatus,1,Turf,
4/29/25,3,11,5822,0.970333333,102954,14,10:30:08,507,Ctenochaetus striatus,7,Turf,
4/29/25,3,11,5822,0.970333333,102954,348,10:33:42,507,Ctenochaetus striatus,7,Turf,
4/29/25,3,12,6436,1.072666667,93145,220,9:34:05,1329,Acanthurus nigrofuscus,10,Turb,
4/29/25,3,12,6436,1.072666667,93145,354,9:35:39,1329,Acanthurus nigrofuscus,3,Turb,
4/29/25,3,12,6436,1.072666667,93145,456,9:36:41,1329,Acanthurus nigrofuscus,5,Turb,
4/29/25,3,12,6436,1.072666667,93145,642,9:38:27,1329,Acanthurus nigrofuscus,3,Turb,
4/29/25,3,12,6436,1.072666667,93145,844,9:40:29,1329,Acanthurus nigrofuscus,5,Turb,
4/29/25,3,12,6436,1.072666667,94515,148,9:47:03,1329,Acanthurus nigrofuscus,27,Turb,
4/29/25,3,12,6436,1.072666667,94515,1038,9:55:53,1329,Acanthurus nigrofuscus,4,Turb,
4/29/25,3,12,6436,1.072666667,95846,117,10:00:03,1329,Acanthurus nigrofuscus,1,Turb,
4/29/25,3,12,6436,1.072666667,95846,812,10:06:58,1329,Acanthurus nigrofuscus,4,Turb,
4/29/25,3,12,6436,1.072666667,101217,201,10:14:18,1329,Acanthurus nigrofuscus,3,Turb,
4/29/25,3,12,6436,1.072666667,101217,437,10:16:54,1329,Acanthurus nigrofuscus,2,Turb,
4/29/25,3,12,6436,1.072666667,101217,1020,10:22:37,1329,Acanthurus nigrofuscus,5,Turb,
4/29/25,3,12,6436,1.072666667,102548,910,10:34:58,1120,Acanthurus nigrofuscus,4,Turb,
4/30/25,4,13,6158,1.026333333,93018,145,9:32:03,1329,Ctenochaetus striatus,4,Turf,
4/30/25,4,13,6158,1.026333333,93018,322,9:33:40,1329,Ctenochaetus striatus,16,Turf,
4/30/25,4,13,6158,1.026333333,93018,349,9:34:07,1329,Chlorurus sordidus,55,Turf,
4/30/25,4,13,6158,1.026333333,93018,435,9:34:53,1329,Acanthurus nigrofuscus,26,Turf,
4/30/25,4,13,6158,1.026333333,93018,455,9:35:13,1329,Ctenochaetus striatus,7,Turf,
4/30/25,4,13,6158,1.026333333,93018,455,9:35:13,1329,Chlorurus sordidus,39,Turf,
4/30/25,4,13,6158,1.026333333,93018,717,9:37:35,1329,Chlorurus sordidus,8,Turf,Terminal/female phase?
4/30/25,4,13,6158,1.026333333,93018,817,9:38:35,1329,Ctenochaetus striatus,3,Turf,
4/30/25,4,13,6158,1.026333333,93018,1035,9:40:53,1329,Ctenochaetus striatus,2,Turf,
4/30/25,4,13,6158,1.026333333,93018,1140,9:41:58,1329,Chlorurus sordidus,1,Turf,
4/30/25,4,13,6158,1.026333333,94349,35,9:44:24,1329,Zebrasoma scopas,16,Turf,
4/30/25,4,13,6158,1.026333333,94349,155,9:45:44,1329,Chlorurus sordidus,16,Turf,
4/30/25,4,13,6158,1.026333333,94349,158,9:45:47,1329,Scarus psittacus ,3,Turf,
4/30/25,4,13,6158,1.026333333,94349,159,9:45:48,1329,Juvenile parrotfish,30,Turf,
4/30/25,4,13,6158,1.026333333,94349,159,9:45:48,1329,Juvenile parrotfish,29,Turf,
4/30/25,4,13,6158,1.026333333,94349,159,9:45:48,1329,Juvenile parrotfish,24,Turf,
4/30/25,4,13,6158,1.026333333,94349,202,9:45:51,1329,Juvenile parrotfish,18,Turf,
4/30/25,4,13,6158,1.026333333,94349,207,9:45:56,1329,Juvenile parrotfish,11,Turf,
4/30/25,4,13,6158,1.026333333,94349,210,9:45:59,1329,Juvenile parrotfish,2,Turf,
4/30/25,4,13,6158,1.026333333,94349,202,9:45:51,1329,Acanthurus nigrofuscus,15,Turf,
4/30/25,4,13,6158,1.026333333,94349,209,9:45:58,1329,Ctenochaetus striatus,1,Turf,
4/30/25,4,13,6158,1.026333333,94349,235,9:46:24,1329,Ctenochaetus striatus,8,Turf,
4/30/25,4,13,6158,1.026333333,94349,241,9:46:30,1329,Ctenochaetus striatus,8,Turf,
4/30/25,4,13,6158,1.026333333,94349,307,9:46:56,1329,Ctenochaetus striatus,2,Turf,
4/30/25,4,13,6158,1.026333333,94349,310,9:46:59,1329,Ctenochaetus striatus,6,Turf,
4/30/25,4,13,6158,1.026333333,94349,721,9:51:10,1329,Balistapus undulatus,1,Turf,
4/30/25,4,13,6158,1.026333333,94349,1033,9:54:22,1329,Zebrasoma scopas,9,Turf,
4/30/25,4,13,6158,1.026333333,94349,1305,9:56:54,1329,Centropyge flavissimus ,10,Turf,
4/30/25,4,13,6158,1.026333333,94349,1322,9:57:11,1329,Acanthurus nigrofuscus,6,Turf,
4/30/25,4,13,6158,1.026333333,95720,18,9:57:38,1329,Ctenochaetus striatus,9,Turf,
4/30/25,4,13,6158,1.026333333,95720,151,9:59:11,1329,Scarus psittacus ,18,Turf,
4/30/25,4,13,6158,1.026333333,95720,334,10:00:54,1329,Juvenile parrotfish,5,Turf,
4/30/25,4,13,6158,1.026333333,95720,344,10:01:04,1329,Ctenochaetus striatus,15,Turf,
4/30/25,4,13,6158,1.026333333,95720,348,10:01:08,1329,Scarus psittacus ,9,Turf,
4/30/25,4,13,6158,1.026333333,95720,413,10:01:33,1329,Centropyge flavissimus ,3,Turf,
4/30/25,4,13,6158,1.026333333,95720,512,10:02:32,1329,Chlorurus sordidus,3,Turf,
4/30/25,4,13,6158,1.026333333,95720,516,10:02:36,1329,Juvenile parrotfish,4,Turf,
4/30/25,4,13,6158,1.026333333,95720,529,10:02:49,1329,Chlorurus sordidus,2,Turf,
4/30/25,4,13,6158,1.026333333,95720,601,10:03:21,1329,Scarus psittacus ,9,Turf,
4/30/25,4,13,6158,1.026333333,95720,606,10:03:26,1329,Scarus psittacus ,10,Turf,
4/30/25,4,13,6158,1.026333333,95720,735,10:04:55,1329,Ctenochaetus striatus,9,Turf,
4/30/25,4,13,6158,1.026333333,95720,738,10:04:58,1329,Zebrasoma scopas,12,Turf,
4/30/25,4,13,6158,1.026333333,95720,907,10:06:27,1329,Zebrasoma scopas,11,Turf,
4/30/25,4,13,6158,1.026333333,95720,947,10:07:07,1329,Ctenochaetus striatus,3,Turf,
4/30/25,4,13,6158,1.026333333,95720,954,10:07:14,1329,Zebrasoma scopas,5,Turf,
4/30/25,4,13,6158,1.026333333,95720,1029,10:07:49,1329,Chlorurus sordidus,4,Turf,
4/30/25,4,13,6158,1.026333333,95720,1051,10:08:11,1329,Juvenile parrotfish,5,Turf,
4/30/25,4,13,6158,1.026333333,95720,1156,10:09:16,1329,Scarus psittacus ,3,Turf,
4/30/25,4,13,6158,1.026333333,95720,1212,10:09:32,1329,Scarus psittacus ,2,Turf,
4/30/25,4,13,6158,1.026333333,95720,1239,10:09:59,1329,Acanthurus nigrofuscus,22,Turf,
4/30/25,4,13,6158,1.026333333,95720,1241,10:10:01,1329,Scarus psittacus ,9,Turf,
4/30/25,4,13,6158,1.026333333,95720,1243,10:10:03,1329,Chlorurus sordidus,4,Turf,
4/30/25,4,13,6158,1.026333333,101051,100,10:11:51,1329,Ctenochaetus striatus,1,Turf,
4/30/25,4,13,6158,1.026333333,101051,109,10:12:00,1329,Ctenochaetus striatus,1,Turf,
4/30/25,4,13,6158,1.026333333,101051,216,10:13:07,1329,Zebrasoma scopas,16,Turf,
4/30/25,4,13,6158,1.026333333,101051,516,10:16:07,1329,Juvenile parrotfish,4,Turf,
4/30/25,4,13,6158,1.026333333,101051,518,10:16:09,1329,Scarus psittacus ,1,Turf,
4/30/25,4,13,6158,1.026333333,101051,520,10:16:11,1329,Scarus psittacus ,19,Turf,
4/30/25,4,13,6158,1.026333333,101051,530,10:16:21,1329,Scarus psittacus ,2,Turf,
4/30/25,4,13,6158,1.026333333,101051,534,10:16:25,1329,Scarus psittacus ,2,Turf,
4/30/25,4,13,6158,1.026333333,101051,540,10:16:31,1329,Juvenile parrotfish,2,Turf,
4/30/25,4,13,6158,1.026333333,101051,643,10:17:34,1329,Acanthurus nigrofuscus,53,Turf,
4/30/25,4,13,6158,1.026333333,101051,727,10:18:18,1329,Scarus psittacus ,19,Turf,
4/30/25,4,13,6158,1.026333333,101051,743,10:18:34,1329,Acanthurus nigrofuscus,3,Turf,
4/30/25,4,13,6158,1.026333333,101051,752,10:18:43,1329,Scarus psittacus ,10,Turf,
4/30/25,4,13,6158,1.026333333,101051,820,10:19:11,1329,Chlorurus sordidus,17,Turf,
4/30/25,4,13,6158,1.026333333,101051,837,10:19:28,1329,Chlorurus sordidus,8,Turf,
4/30/25,4,13,6158,1.026333333,101051,838,10:19:29,1329,Scarus psittacus ,15,Turf,
4/30/25,4,13,6158,1.026333333,101051,845,10:19:36,1329,Scarus psittacus ,3,Turf,
4/30/25,4,13,6158,1.026333333,101051,956,10:20:47,1329,Chlorurus sordidus,8,Turf,
4/30/25,4,13,6158,1.026333333,101051,958,10:20:49,1329,Juvenile parrotfish,12,Turf,
4/30/25,4,13,6158,1.026333333,101051,1001,10:20:52,1329,Scarus psittacus ,18,Turf,
4/30/25,4,13,6158,1.026333333,101051,1009,10:21:00,1329,Chlorurus sordidus,3,Turf,
4/30/25,4,13,6158,1.026333333,101051,1016,10:21:07,1329,Scarus psittacus ,5,Turf,
4/30/25,4,13,6158,1.026333333,101051,1036,10:21:27,1329,Chlorurus sordidus,9,Turf,
4/30/25,4,13,6158,1.026333333,101051,1107,10:21:58,1329,Chlorurus sordidus,1,Turf,
4/30/25,4,13,6158,1.026333333,101051,1133,10:22:24,1329,Zebrasoma scopas,40,Turf,
4/30/25,4,13,6158,1.026333333,101051,1134,10:22:25,1329,Chlorurus sordidus,8,Turf,
4/30/25,4,13,6158,1.026333333,101051,1311,10:24:02,1329,Scarus psittacus ,26,Turf,
4/30/25,4,13,6158,1.026333333,102421,0,10:24:21,842,Scarus psittacus ,6,Turf,
4/30/25,4,13,6158,1.026333333,102421,24,10:24:45,842,Scarus psittacus ,12,Turf,
4/30/25,4,13,6158,1.026333333,102421,205,10:26:26,842,Juvenile parrotfish,11,Turf,
4/30/25,4,13,6158,1.026333333,102421,205,10:26:26,842,Scarus psittacus ,16,Turf,
4/30/25,4,13,6158,1.026333333,102421,221,10:26:42,842,Chlorurus sordidus,1,Turf,
4/30/25,4,13,6158,1.026333333,102421,234,10:26:55,842,Scarus psittacus ,1,Turf,
4/30/25,4,13,6158,1.026333333,102421,339,10:28:00,842,Chlorurus sordidus,4,Turf,
4/30/25,4,13,6158,1.026333333,102421,348,10:28:09,842,Ctenochaetus striatus,5,Turf,
4/30/25,4,13,6158,1.026333333,102421,406,10:28:27,842,Scarus psittacus ,6,Turf,
4/30/25,4,13,6158,1.026333333,102421,414,10:28:35,842,Ctenochaetus striatus,5,Turf,
4/30/25,4,13,6158,1.026333333,102421,417,10:28:38,842,Chlorurus sordidus,1,Turf,
4/30/25,4,13,6158,1.026333333,102421,424,10:28:45,842,Chlorurus sordidus,1,Turf,
4/30/25,4,14,6248,1.041333333,92925,550,9:35:15,1328,Ctenochaetus striatus,2,Turb,
4/30/25,4,14,6248,1.041333333,92925,1035,9:40:00,1328,Thalassoma hardwicke,2,Turb,
4/30/25,4,14,6248,1.041333333,92925,1119,9:40:44,1328,Stethojulis bandanesis ,1,Turb,
4/30/25,4,14,6248,1.041333333,94255,47,9:43:42,1328,Chaetodon vagabundus,1,Turb,
4/30/25,4,14,6248,1.041333333,94255,127,9:44:22,1328,Chaetodon vagabundus,2,Turb,
4/30/25,4,14,6248,1.041333333,94255,227,9:45:22,1328,Thalassoma hardwicke,4,Turb,
4/30/25,4,14,6248,1.041333333,95625,347,10:00:12,1329,Zebrasoma scopas,4,Turb,
4/30/25,4,14,6248,1.041333333,100956,454,10:14:50,1329,Thalassoma hardwicke,2,Turb,
4/30/25,4,14,6248,1.041333333,100956,458,10:14:54,1329,Zebrasoma scopas,5,Turb,
4/30/25,4,14,6248,1.041333333,100956,543,10:15:39,1329,Zebrasoma scopas,4,Turb,
4/30/25,4,14,6248,1.041333333,100956,740,10:17:36,1329,Centropyge flavissimus ,5,Turb,
4/30/25,4,14,6248,1.041333333,100956,808,10:18:04,1329,Centropyge flavissimus ,8,Turb,
4/30/25,4,14,6248,1.041333333,100956,854,10:18:50,1329,Thalassoma hardwicke,2,Turb,
4/30/25,4,14,6248,1.041333333,100956,902,10:18:58,1329,Centropyge flavissimus ,7,Turb,
4/30/25,4,14,6248,1.041333333,100956,906,10:19:02,1329,Ctenochaetus striatus,1,Turb,
4/30/25,4,14,6248,1.041333333,100956,1016,10:20:12,1329,Centropyge flavissimus ,1,Turb,
4/30/25,4,14,6248,1.041333333,100956,1108,10:21:04,1329,Centropyge flavissimus ,5,Turb,
4/30/25,4,14,6248,1.041333333,102327,611,10:29:38,934,Thalassoma hardwicke,1,Turb,
4/30/25,4,15,6320,1.053333333,100837,1209,10:20:46,1328,Acanthurus nigrofuscus,3,Turb,
4/30/25,4,15,6320,1.053333333,92913,655,9:36:08,1329,Ctenochaetus striatus,8,Turf,
4/30/25,4,15,6320,1.053333333,92913,831,9:37:44,1329,Stethojulis bandanesis ,6,Turf,
4/30/25,4,15,6320,1.053333333,92913,902,9:38:15,1329,Stethojulis bandanesis ,4,Turf,
4/30/25,4,15,6320,1.053333333,92913,925,9:38:38,1329,Stethojulis bandanesis ,3,Turf,
4/30/25,4,15,6320,1.053333333,92913,1005,9:39:18,1329,Ctenochaetus striatus,14,Turf,
4/30/25,4,15,6320,1.053333333,92913,1033,9:39:46,1329,Stethojulis bandanesis ,11,Turf,
4/30/25,4,15,6320,1.053333333,92913,1125,9:40:38,1329,Stethojulis bandanesis ,4,Turf,
4/30/25,4,15,6320,1.053333333,92913,1149,9:41:02,1329,Stethojulis bandanesis ,1,Turf,
4/30/25,4,15,6320,1.053333333,92913,1206,9:41:19,1329,Acanthurus nigrofuscus,3,Turf,
4/30/25,4,15,6320,1.053333333,92913,1225,9:41:38,1329,Ctenochaetus striatus,32,Turf,
4/30/25,4,15,6320,1.053333333,92913,1259,9:42:12,1329,Acanthurus nigrofuscus,2,Turf,
4/30/25,4,15,6320,1.053333333,94244,1114,9:53:58,1329,Stethojulis bandanesis ,1,Turf,
4/30/25,4,15,6320,1.053333333,94244,1123,9:54:07,1329,Stethojulis bandanesis ,1,Turf,
4/30/25,4,15,6320,1.053333333,94244,1214,9:54:58,1329,Ctenochaetus striatus,35,Turf,
4/30/25,4,15,6320,1.053333333,95615,44,9:56:59,1329,Thalassoma hardwicke,1,Turf,
4/30/25,4,15,6320,1.053333333,95615,134,9:57:49,1329,Stethojulis bandanesis ,2,Turf,
4/30/25,4,15,6320,1.053333333,95615,211,9:58:26,1329,Ctenochaetus striatus,10,Turf,
4/30/25,4,15,6320,1.053333333,95615,255,9:59:10,1329,Thalassoma hardwicke,2,Turf,
4/30/25,4,15,6320,1.053333333,95615,256,9:59:11,1329,Ctenochaetus striatus,19,Turf,
4/30/25,4,15,6320,1.053333333,95615,545,10:02:00,1329,Juvenile parrotfish,3,Turf,
4/30/25,4,15,6320,1.053333333,95615,618,10:02:33,1329,Thalassoma hardwicke,4,Turf,
4/30/25,4,15,6320,1.053333333,95615,713,10:03:28,1329,Ctenochaetus striatus,3,Turf,
4/30/25,4,15,6320,1.053333333,95615,802,10:04:17,1329,Juvenile parrotfish,4,Turf,
4/30/25,4,15,6320,1.053333333,95615,1249,10:09:04,1329,Ctenochaetus striatus,2,Turf,
4/30/25,4,15,6320,1.053333333,100946,141,10:11:27,1329,Ctenochaetus striatus,3,Turf,
4/30/25,4,15,6320,1.053333333,100946,420,10:14:06,1329,Stethojulis bandanesis ,16,Turf,
4/30/25,4,15,6320,1.053333333,100946,506,10:14:52,1329,Stethojulis bandanesis ,33,Turf,
4/30/25,4,15,6320,1.053333333,100946,656,10:16:42,1329,Ctenochaetus striatus,21,Turf,
4/30/25,4,15,6320,1.053333333,100946,742,10:17:28,1329,Stethojulis bandanesis ,17,Turf,
4/30/25,4,15,6320,1.053333333,100946,847,10:18:33,1329,Stethojulis bandanesis ,10,Turf,
4/30/25,4,15,6320,1.053333333,100946,940,10:19:26,1329,Stethojulis bandanesis ,2,Turf,
4/30/25,4,15,6320,1.053333333,102317,159,10:25:16,1004,Ctenochaetus striatus,5,Turf,
4/30/25,4,15,6320,1.053333333,102317,408,10:27:25,1004,Ctenochaetus striatus,5,Turf,
4/30/25,4,15,6320,1.053333333,102317,409,10:27:26,1004,Zebrasoma scopas,25,Turf,
4/30/25,4,15,6320,1.053333333,102317,631,10:29:48,1004,Ctenochaetus striatus,20,Turf,
4/30/25,4,16,6430,1.071666667,92805,425,9:32:30,1328,Thalassoma hardwicke,4,Turb,
4/30/25,4,16,6430,1.071666667,92805,517,9:33:22,1328,Acanthurus nigrofuscus,1,Turb,
4/30/25,4,16,6430,1.071666667,92805,612,9:34:17,1328,Acanthurus nigrofuscus,4,Turb,
4/30/25,4,16,6430,1.071666667,94135,344,9:45:19,1329,Acanthurus nigrofuscus,10,Turb,
4/30/25,4,16,6430,1.071666667,94135,529,9:47:04,1329,Acanthurus nigrofuscus,3,Turb,
4/30/25,4,16,6430,1.071666667,94135,1124,9:52:59,1329,Acanthurus nigrofuscus,1,Turb,
4/30/25,4,16,6430,1.071666667,95506,1241,10:07:47,1329,Acanthurus nigrofuscus,1,Turb,
4/30/25,4,16,6430,1.071666667,100837,415,10:12:52,1328,Ostracion meleagris,3,Turb,
4/30/25,4,16,6430,1.071666667,100837,457,10:13:34,1328,Ostracion meleagris,2,Turb,
4/30/25,4,16,6430,1.071666667,100837,812,10:16:49,1328,Acanthurus nigrofuscus,2,Turb,
4/30/25,4,16,6430,1.071666667,100837,1149,10:20:26,1328,Acanthurus nigrofuscus,6,Turb,
4/30/25,4,16,6430,1.071666667,102207,0,10:22:07,1116,,0,Turb,
4/30/25,4,16,6430,1.071666667,94135,252,9:44:27,1329,Ctenochaetus striatus,20,Turf,
5/3/25,5,17,5631,0.9385,83258,109,8:34:07,1329,Acanthurus nigrofuscus,7,Turb,
5/3/25,5,17,5631,0.9385,83258,150,8:34:48,1329,Acanthurus nigrofuscus,12,Turb,
5/3/25,5,17,5631,0.9385,84630,1043,8:57:13,1329,Thalassoma hardwicke,3,Turb,
5/3/25,5,17,5631,0.9385,84630,1112,8:57:42,1329,Thalassoma hardwicke,2,Turb,
5/3/25,5,17,5631,0.9385,84630,1246,8:59:16,1329,Acanthurus nigrofuscus,2,Turb,nibbled  on purple algae and turf in quadrat zone
5/3/25,5,17,5631,0.9385,90001,115,9:01:16,1329,Juvenile Parrotfish,17,Turb,"jp on turf in quadrat zone, 1 bite on turb"
5/3/25,5,17,5631,0.9385,90001,210,9:02:11,1329,Juvenile Parrotfish,5,Turb,
5/3/25,5,17,5631,0.9385,91333,50,9:14:23,1329,Juvenile Parrotfish,3,Turb,juvenile i think!
5/3/25,5,17,5631,0.9385,92704,0,9:27:04,500,,0,Turb,
5/3/25,5,18,5723,0.953833333,82955,1207,8:42:02,1328,Zebrasoma scopas,7,Turb,
5/3/25,5,18,5723,0.953833333,84326,144,8:45:10,1329,Zebrasoma scopas,8,Turb,
5/3/25,5,18,5723,0.953833333,84326,556,8:49:22,1329,Thalassoma hardwicke,3,Turb,
5/3/25,5,18,5723,0.953833333,84326,1110,8:54:36,1329,Zebrasoma scopas,3,Turb,
5/3/25,5,18,5723,0.953833333,84326,1221,8:55:47,1329,Thalassoma hardwicke,4,Turb,
5/3/25,5,18,5723,0.953833333,85656,154,8:58:50,1329,Zebrasoma scopas,7,Turb,
5/3/25,5,18,5723,0.953833333,85656,847,9:05:43,1329,Zebrasoma scopas,8,Turb,
5/3/25,5,18,5723,0.953833333,85656,1242,9:09:38,1329,Zebrasoma scopas,1,Turb,
5/3/25,5,18,5723,0.953833333,91027,224,9:12:51,1329,Acanthurus nigrofuscus,3,Turb,
5/3/25,5,18,5723,0.953833333,91027,504,9:15:31,1329,Zebrasoma scopas,14,Turb,
5/3/25,5,18,5723,0.953833333,91027,825,9:18:52,1329,Thalassoma hardwicke,3,Turb,
5/3/25,5,18,5723,0.953833333,91027,1213,9:22:40,1329,Zebrasoma scopas,10,Turb,
5/3/25,5,18,5723,0.953833333,91027,1310,9:23:37,1329,Acanthurus nigrofuscus,1,Turb,
5/3/25,5,18,5723,0.953833333,92358,125,9:25:23,408,Ctenochaetus striatus,4,Turb,
5/3/25,5,19,5815,0.969166667,83124,650,8:38:14,1329,Ctenochaetus striatus,17,Turf,
5/3/25,5,19,5815,0.969166667,84455,12,8:45:07,1329,Ctenochaetus striatus,7,Turf,
5/3/25,5,19,5815,0.969166667,84455,318,8:48:13,1329,Ctenochaetus striatus,2,Turf,
5/3/25,5,19,5815,0.969166667,84455,1126,8:56:21,1329,Juvenile Parrotfish,54,Turf,4 parrotfish combined at the same time
5/3/25,5,19,5815,0.969166667,85826,305,9:01:31,1329,Ctenochaetus striatus,18,Turf,
5/3/25,5,19,5815,0.969166667,85826,442,9:03:08,1329,Ctenochaetus striatus,6,Turf,
5/3/25,5,19,5815,0.969166667,85826,1102,9:09:28,1329,Ctenochaetus striatus,6,Turf,
5/3/25,5,19,5815,0.969166667,85826,1253,9:11:19,1329,Ctenochaetus striatus,3,Turf,
5/3/25,5,19,5815,0.969166667,91156,227,9:14:23,1328,Ctenochaetus striatus,11,Turf,
5/3/25,5,19,5815,0.969166667,92527,318,9:28:45,500,Ctenochaetus striatus,18,Turf,
5/3/25,5,19,5815,0.969166667,92527,420,9:29:47,500,Ctenochaetus striatus,4,Turf,
5/3/25,5,20,6645,1.1075,82926,235,8:32:01,1329,Acanthurus nigrofuscus,2,Turf,
5/3/25,5,20,6645,1.1075,82926,722,8:36:48,1329,Acanthurus nigrofuscus,3,Turf,
5/3/25,5,20,6645,1.1075,82926,826,8:37:52,1329,Ctenochaetus striatus,2,Turf,
5/3/25,5,20,6645,1.1075,82926,1137,8:41:03,1329,Ctenochaetus striatus,4,Turf,
5/3/25,5,20,6645,1.1075,84257,920,8:52:17,1329,Zebrasoma scopas,5,Turf,
5/3/25,5,20,6645,1.1075,85628,311,8:59:39,1329,Acanthurus nigrofuscus,6,Turf,
5/3/25,5,20,6645,1.1075,90959,56,9:10:55,1329,Ctenochaetus striatus,5,Turf,
5/3/25,5,20,6645,1.1075,90959,112,9:11:11,1329,Ctenochaetus striatus,5,Turf,
5/3/25,5,20,6645,1.1075,90959,540,9:15:39,1329,Acanthurus nigrofuscus,9,Turf,
5/3/25,5,20,6645,1.1075,90959,634,9:16:33,1329,Acanthurus nigrofuscus,7,Turf,
5/3/25,5,20,6645,1.1075,90959,711,9:17:10,1329,Stethojulis bandanensis,1,Turf,
5/3/25,5,20,6645,1.1075,90959,726,9:17:25,1329,Acanthurus nigrofuscus,6,Turf,
5/3/25,5,20,6645,1.1075,90959,806,9:18:05,1329,Acanthurus nigrofuscus,14,Turf,
5/3/25,5,20,6645,1.1075,90959,1146,9:21:45,1329,Ctenochaetus striatus,4,Turf,
5/3/25,5,20,6645,1.1075,92330,309,9:26:39,1329,Ctenochaetus striatus,4,Turf,
5/3/25,6,21,6627,1.1045,131322,158,13:15:20,236,Thalassoma hardwicke,1,Turb,
5/3/25,6,21,6627,1.1045,132653,652,13:33:45,1329,Acanthurus nigrofuscus,5,Turb,
5/3/25,6,21,6627,1.1045,134024,1045,13:51:09,1329,Thalassoma hardwicke,1,Turb,
5/3/25,6,21,6627,1.1045,134024,1139,13:52:03,1329,Acanthurus nigrofuscus,13,Turb,
5/3/25,6,21,6627,1.1045,135355,1116,14:05:11,1329,Ostracion melagris,4,Turb,
5/3/25,6,21,6627,1.1045,140726,712,14:14:38,1329,Acanthurus nigrofuscus,2,Turb,
5/3/25,6,21,6627,1.1045,140726,741,14:15:07,1329,Thalassoma hardwicke,1,Turb,
5/3/25,6,22,6780,1.13,130936,155,13:11:31,1329,Ctenochaetus striatus,2,Turf,
5/3/25,6,22,6780,1.13,130936,503,13:14:39,1329,Thalassoma hardwicke,5,Turf,
5/3/25,6,22,6780,1.13,130936,621,13:15:57,1329,Thalassoma hardwicke,1,Turf,
5/3/25,6,22,6780,1.13,130936,800,13:17:36,1329,Stethojulius bandanensis,1,Turf,
5/3/25,6,22,6780,1.13,130936,807,13:17:43,1329,Thalassoma hardwicke,2,Turf,
5/3/25,6,22,6780,1.13,130936,928,13:19:04,1329,Ctenochaetus striatus,7,Turf,
5/3/25,6,22,6780,1.13,130936,934,13:19:10,1329,Stethojulius bandanensis,1,Turf,
5/3/25,6,22,6780,1.13,132307,52,13:23:59,1328,Balistapus undulatus,1,Turf,
5/3/25,6,22,6780,1.13,132307,204,13:25:11,1328,Juvenile Parrotfish,18,Turf,
5/3/25,6,22,6780,1.13,132307,213,13:25:20,1328,Ctenochaetus striatus,16,Turf,
5/3/25,6,22,6780,1.13,132307,855,13:32:02,1328,Ctenochaetus striatus,9,Turf,
5/3/25,6,22,6780,1.13,132307,1056,13:34:03,1328,Thalassoma hardwicke,2,Turf,
5/3/25,6,22,6780,1.13,133637,1244,13:49:21,1328,Ctenochaetus striatus,28,Turf,
5/3/25,6,22,6780,1.13,133637,1246,13:49:23,1328,Zebrasoma scopas,14,Turf,
5/3/25,6,22,6780,1.13,133637,1247,13:49:24,1328,Zebrasoma scopas,4,Turf,
5/3/25,6,22,6780,1.13,135007,119,13:51:26,1329,Thalassoma hardwicke,1,Turf,
5/3/25,6,22,6780,1.13,135007,134,13:51:41,1329,Thalassoma hardwicke,1,Turf,
5/3/25,6,22,6780,1.13,135007,147,13:51:54,1329,Acanthurus nigrofuscus,5,Turf,
5/3/25,6,22,6780,1.13,135007,253,13:53:00,1329,Acanthurus nigrofuscus,4,Turf,
5/3/25,6,22,6780,1.13,135007,935,13:59:42,1329,Acanthurus nigrofuscus,4,Turf,
5/3/25,6,22,6780,1.13,135007,1045,14:00:52,1329,Acanthurus nigrofuscus,28,Turf,
5/3/25,6,22,6780,1.13,135007,1158,14:02:05,1329,Acanthurus nigrofuscus,3,Turf,
5/3/25,6,22,6780,1.13,140338,20,14:03:58,1329,Ctenochaetus striatus,4,Turf,
5/3/25,6,22,6780,1.13,140338,47,14:04:25,1329,Juvenile Parrotfish,5,Turf,
5/3/25,6,22,6780,1.13,140338,49,14:04:27,1329,Juvenile Parrotfish,4,Turf,
5/3/25,6,22,6780,1.13,140338,436,14:08:14,1329,Ctenochaetus striatus,10,Turf,
5/3/25,6,22,6780,1.13,140338,618,14:09:56,1329,Ctenochaetus striatus,9,Turf,
5/3/25,6,22,6780,1.13,140338,718,14:10:56,1329,Acanthurus nigrofuscus,3,Turf,
5/3/25,6,22,6780,1.13,141709,100,14:18:09,136,Ctenochaetus striatus,7,Turf,
5/3/25,6,23,6879,1.1465,130937,639,13:16:16,1329,Juvenile Parrotfish,2,Turb,initial bulletnose
5/3/25,6,23,6879,1.1465,130937,1019,13:19:56,1329,Chromis margaritifer,1,Turb,
5/3/25,6,23,6879,1.1465,130937,1059,13:20:36,1329,Juvenile Parrotfish,3,Turb,initial bulletnose
5/3/25,6,23,6879,1.1465,130937,1153,13:21:30,1329,Juvenile Parrotfish,44,Turb,initial bulletnose
5/3/25,6,23,6879,1.1465,130937,1153,13:21:30,1329,Juvenile Parrotfish,5,Turb,initial bulletnose
5/3/25,6,23,6879,1.1465,130937,1208,13:21:45,1329,Juvenile Parrotfish,9,Turb,initial bulletnose
5/3/25,6,23,6879,1.1465,130937,1231,13:22:08,1329,Juvenile Parrotfish,7,Turb,initial bulletnose
5/3/25,6,23,6879,1.1465,130937,1308,13:22:45,1329,Juvenile Parrotfish,1,Turb,initial bulletnose
5/3/25,6,23,6879,1.1465,132308,15,13:23:23,1329,Juvenile Parrotfish,1,Turb,initial bulletnose
5/3/25,6,23,6879,1.1465,132308,154,13:25:02,1329,Juvenile Parrotfish,3,Turb,initial bulletnose
5/3/25,6,23,6879,1.1465,132308,157,13:25:05,1329,Juvenile Parrotfish,4,Turb,initial bulletnose
5/3/25,6,23,6879,1.1465,132308,202,13:25:10,1329,Juvenile Parrotfish,2,Turb,initial bulletnose
5/3/25,6,23,6879,1.1465,132308,211,13:25:19,1329,Juvenile Parrotfish,9,Turb,initial bulletnose
5/3/25,6,23,6879,1.1465,132308,210,13:25:18,1329,Juvenile Parrotfish,3,Turb,initial bulletnose
5/3/25,6,23,6879,1.1465,132308,251,13:25:59,1329,mystery wrasse,3,Turb,
5/3/25,6,23,6879,1.1465,132308,514,13:28:22,1329,Juvenile Parrotfish,13,Turb,initial bulletnose
5/3/25,6,23,6879,1.1465,132308,520,13:28:28,1329,Juvenile Parrotfish,3,Turb,
5/3/25,6,23,6879,1.1465,132308,540,13:28:48,1329,Centropyge flavissimus,1,Turb,
5/3/25,6,23,6879,1.1465,132308,553,13:29:01,1329,Juvenile Parrotfish,4,Turb,initial bulletnose
5/3/25,6,23,6879,1.1465,132308,557,13:29:05,1329,Juvenile Parrotfish,10,Turb,
5/3/25,6,23,6879,1.1465,132308,622,13:29:30,1329,Juvenile Parrotfish,2,Turb,
5/3/25,6,23,6879,1.1465,132308,626,13:29:34,1329,Juvenile Parrotfish,6,Turb,
5/3/25,6,23,6879,1.1465,132308,627,13:29:35,1329,Juvenile Parrotfish,13,Turb,
5/3/25,6,23,6879,1.1465,132308,657,13:30:05,1329,Juvenile Parrotfish,3,Turb,
5/3/25,6,23,6879,1.1465,132308,705,13:30:13,1329,Juvenile Parrotfish,5,Turb,
5/3/25,6,23,6879,1.1465,132308,724,13:30:32,1329,Juvenile Parrotfish,9,Turb,
5/3/25,6,23,6879,1.1465,132308,727,13:30:35,1329,Juvenile Parrotfish,4,Turb,
5/3/25,6,23,6879,1.1465,132308,750,13:30:58,1329,Juvenile Parrotfish,6,Turb,
5/3/25,6,23,6879,1.1465,132308,753,13:31:01,1329,Juvenile Parrotfish,2,Turb,
5/3/25,6,23,6879,1.1465,132308,754,13:31:02,1329,Juvenile Parrotfish,4,Turb,
5/3/25,6,23,6879,1.1465,132308,849,13:31:57,1329,Juvenile Parrotfish,8,Turb,
5/3/25,6,23,6879,1.1465,132308,854,13:32:02,1329,Juvenile Parrotfish,4,Turb,
5/3/25,6,23,6879,1.1465,132308,857,13:32:05,1329,Juvenile Parrotfish,3,Turb,
5/3/25,6,23,6879,1.1465,132308,902,13:32:10,1329,Juvenile Parrotfish,5,Turb,
5/3/25,6,23,6879,1.1465,132308,930,13:32:38,1329,Juvenile Parrotfish,5,Turb,
5/3/25,6,23,6879,1.1465,132308,955,13:33:03,1329,Juvenile Parrotfish,2,Turb,
5/3/25,6,23,6879,1.1465,132308,1004,13:33:12,1329,Juvenile Parrotfish,4,Turb,
5/3/25,6,23,6879,1.1465,132308,1005,13:33:13,1329,Juvenile Parrotfish,4,Turb,
5/3/25,6,23,6879,1.1465,132308,1011,13:33:19,1329,mystery wrasse,1,Turb,
5/3/25,6,23,6879,1.1465,132308,1014,13:33:22,1329,Juvenile Parrotfish,36,Turb,2
5/3/25,6,23,6879,1.1465,132308,1118,13:34:26,1329,Juvenile Parrotfish,11,Turb,
5/3/25,6,23,6879,1.1465,132308,1126,13:34:34,1329,Juvenile Parrotfish,38,Turb,
5/3/25,6,23,6879,1.1465,132308,1214,13:35:22,1329,Juvenile Parrotfish,8,Turb,
5/3/25,6,23,6879,1.1465,132308,1228,13:35:36,1329,Juvenile Parrotfish,4,Turb,
5/3/25,6,23,6879,1.1465,132308,1300,13:36:08,1329,Juvenile Parrotfish,8,Turb,
5/3/25,6,23,6879,1.1465,132308,1303,13:36:11,1329,Juvenile Parrotfish,5,Turb,
5/3/25,6,23,6879,1.1465,132308,1324,13:36:32,1329,Juvenile Parrotfish,5,Turb,
5/3/25,6,23,6879,1.1465,133638,24,13:37:02,1329,Juvenile Parrotfish,3,Turb,
5/3/25,6,23,6879,1.1465,133638,26,13:37:04,1329,Juvenile Parrotfish,8,Turb,
5/3/25,6,23,6879,1.1465,133638,50,13:37:28,1329,Ctenochaetus striatus,10,Turb,
5/3/25,6,23,6879,1.1465,133638,129,13:38:07,1329,Juvenile Parrotfish,39,Turb,multiple
5/3/25,6,23,6879,1.1465,133638,230,13:39:08,1329,Juvenile Parrotfish,11,Turb,two IB
5/3/25,6,23,6879,1.1465,133638,308,13:39:46,1329,Centropyge flavissimus,1,Turb,
5/3/25,6,23,6879,1.1465,133638,725,13:44:03,1329,Ctenochaetus striatus,5,Turb,
5/3/25,6,23,6879,1.1465,133638,900,13:45:38,1329,Juvenile Parrotfish,3,Turb,
5/3/25,6,23,6879,1.1465,133638,901,13:45:39,1329,Juvenile Parrotfish,2,Turb,
5/3/25,6,23,6879,1.1465,133638,908,13:45:46,1329,Centropyge flavissimus,2,Turb,
5/3/25,6,23,6879,1.1465,133638,926,13:46:04,1329,Juvenile Parrotfish,38,Turb,initial bulletnose
5/3/25,6,23,6879,1.1465,133638,933,13:46:11,1329,Juvenile Parrotfish,29,Turb,initial bulletnose
5/3/25,6,23,6879,1.1465,133638,958,13:46:36,1329,Juvenile Parrotfish,8,Turb,initial bulletnose
5/3/25,6,23,6879,1.1465,133638,1035,13:47:13,1329,Juvenile Parrotfish,1,Turb,initial bulletnose
5/3/25,6,23,6879,1.1465,133638,1040,13:47:18,1329,Juvenile Parrotfish,5,Turb,initial bulletnose
5/3/25,6,23,6879,1.1465,133638,1231,13:49:09,1329,Juvenile Parrotfish,6,Turb,initial bulletnose
5/3/25,6,23,6879,1.1465,133638,1234,13:49:12,1329,Juvenile Parrotfish,15,Turb,initial bulletnose
5/3/25,6,23,6879,1.1465,133638,1318,13:49:56,1329,Juvenile Parrotfish,7,Turb,initial bulletnose
5/3/25,6,23,6879,1.1465,135009,10,13:50:19,1328,Juvenile Parrotfish,8,Turb,initial bulletnose
5/3/25,6,23,6879,1.1465,135009,11,13:50:20,1328,Juvenile Parrotfish,4,Turb,initial bulletnose
5/3/25,6,23,6879,1.1465,135009,17,13:50:26,1328,Juvenile Parrotfish,1,Turb,initial bulletnose
5/3/25,6,23,6879,1.1465,135009,25,13:50:34,1328,Juvenile Parrotfish,11,Turb,2 IB
5/3/25,6,23,6879,1.1465,135009,406,13:54:15,1328,Centropyge flavissimus,12,Turb,
5/3/25,6,23,6879,1.1465,135009,507,13:55:16,1328,Ctenochaetus striatus,8,Turb,
5/3/25,6,23,6879,1.1465,135009,649,13:56:58,1328,Thalassoma hardwicke,1,Turb,
5/3/25,6,23,6879,1.1465,135009,704,13:57:13,1328,Juvenile Parrotfish,30,Turb,8 initial bulletnose
5/3/25,6,23,6879,1.1465,135009,708,13:57:17,1328,Centropyge flavissimus,4,Turb,
5/3/25,6,23,6879,1.1465,135009,730,13:57:39,1328,Juvenile Parrotfish,2,Turb,
5/3/25,6,23,6879,1.1465,135009,935,13:59:44,1328,Ctenochaetus striatus,14,Turb,
5/3/25,6,23,6879,1.1465,135009,1042,14:00:51,1328,Juvenile Parrotfish,15,Turb,2 Initial Bulletnose
5/3/25,6,23,6879,1.1465,135009,1101,14:01:10,1328,Juvenile Parrotfish,6,Turb,2 Initial Bulletnose
5/3/25,6,23,6879,1.1465,135009,1239,14:02:48,1328,Juvenile Parrotfish,9,Turb,
5/3/25,6,23,6879,1.1465,135009,1239,14:02:48,1328,Juvenile Parrotfish,7,Turb,
5/3/25,6,23,6879,1.1465,140339,18,14:03:57,1328,Juvenile Parrotfish,14,Turb,
5/3/25,6,23,6879,1.1465,140339,20,14:03:59,1328,Juvenile Parrotfish,16,Turb,
5/3/25,6,23,6879,1.1465,140339,105,14:04:44,1328,Labroides dimidiatus,1,Turb,
5/3/25,6,23,6879,1.1465,140339,113,14:04:52,1328,Halichoeres trimaculatus,4,Turb,or SB
5/3/25,6,23,6879,1.1465,140339,136,14:05:15,1328,Juvenile Parrotfish,45,Turb,8 IB
5/3/25,6,23,6879,1.1465,140339,140,14:05:19,1328,Ctenochaetus striatus,4,Turb,
5/3/25,6,23,6879,1.1465,140339,152,14:05:31,1328,Juvenile Parrotfish,33,Turb,
5/3/25,6,23,6879,1.1465,140339,234,14:06:13,1328,Juvenile Parrotfish,22,Turb,2 IB
5/3/25,6,23,6879,1.1465,140339,337,14:07:16,1328,Juvenile Parrotfish,16,Turb,2 IB
5/3/25,6,23,6879,1.1465,140339,410,14:07:49,1328,Juvenile Parrotfish,3,Turb,
5/3/25,6,23,6879,1.1465,140339,435,14:08:14,1328,Juvenile Parrotfish,5,Turb,2 IB
5/3/25,6,23,6879,1.1465,140339,455,14:08:34,1328,Juvenile Parrotfish,25,Turb,
5/3/25,6,23,6879,1.1465,140339,549,14:09:28,1328,Juvenile Parrotfish,18,Turb,5 small IB
5/3/25,6,23,6879,1.1465,140339,608,14:09:47,1328,Juvenile Parrotfish,19,Turb,
5/3/25,6,23,6879,1.1465,140339,640,14:10:19,1328,Juvenile Parrotfish,20,Turb,
5/3/25,6,23,6879,1.1465,140339,717,14:10:56,1328,Juvenile Parrotfish,34,Turb,
5/3/25,6,23,6879,1.1465,140339,755,14:11:34,1328,Juvenile Parrotfish,53,Turb,
5/3/25,6,23,6879,1.1465,140339,1152,14:15:31,1328,Juvenile Parrotfish,1,Turb,
5/3/25,6,23,6879,1.1465,140339,1218,14:15:57,1328,Juvenile Parrotfish,4,Turb,
5/3/25,6,23,6879,1.1465,140339,1311,14:16:50,1328,Ctenochaetus striatus,9,Turb,
5/3/25,6,23,6879,1.1465,141710,,14:17:10,236,,0,Turb,
5/3/25,6,24,6973,1.162166667,130803,117,13:09:20,1329,Juvenile Parrotfish,12,Turf,
5/3/25,6,24,6973,1.162166667,130803,130,13:09:33,1329,Acanthurus nigrofuscus,4,Turf,
5/3/25,6,24,6973,1.162166667,130803,159,13:10:02,1329,Acanthurus nigrofuscus,5,Turf,
5/3/25,6,24,6973,1.162166667,130803,237,13:10:40,1329,Zebrasoma scopas,4,Turf,
5/3/25,6,24,6973,1.162166667,130803,241,13:10:44,1329,Zebrasoma scopas,3,Turf,
5/3/25,6,24,6973,1.162166667,130803,317,13:11:20,1329,Acanthurus nigrofuscus,17,Turf,
5/3/25,6,24,6973,1.162166667,130803,548,13:13:51,1329,Acanthurus nigrofuscus,6,Turf,
5/3/25,6,24,6973,1.162166667,130803,617,13:14:20,1329,Thalassoma hardwicke,1,Turf,
5/3/25,6,24,6973,1.162166667,130803,716,13:15:19,1329,Acanthurus nigrofuscus,14,Turf,
5/3/25,6,24,6973,1.162166667,130803,1028,13:18:31,1329,Balistapus undulatus,3,Turf,
5/3/25,6,24,6973,1.162166667,130803,1108,13:19:11,1329,Ctenochaetus striatus,9,Turf,
5/3/25,6,24,6973,1.162166667,130803,1215,13:20:18,1329,Stegastes nigricans,1,Turf,"btwn dusky or threespot, most likely dusky cause yellow tail "
5/3/25,6,24,6973,1.162166667,132134,14,13:21:48,1329,Ctenochaetus striatus,2,Turf,
5/3/25,6,24,6973,1.162166667,132134,41,13:22:15,1329,Ctenochaetus striatus,3,Turf,
5/3/25,6,24,6973,1.162166667,132134,151,13:23:25,1329,Ctenochaetus striatus,12,Turf,
5/3/25,6,24,6973,1.162166667,132134,221,13:23:55,1329,Ctenochaetus striatus,13,Turf,
5/3/25,6,24,6973,1.162166667,132134,314,13:24:48,1329,Ctenochaetus striatus,10,Turf,
5/3/25,6,24,6973,1.162166667,132134,500,13:26:34,1329,Juvenile Parrotfish,20,Turf,
5/3/25,6,24,6973,1.162166667,132134,638,13:28:12,1329,Ctenochaetus striatus,17,Turf,
5/3/25,6,24,6973,1.162166667,132134,707,13:28:41,1329,Juvenile Parrotfish,13,Turf,
5/3/25,6,24,6973,1.162166667,132134,710,13:28:44,1329,Ctenochaetus striatus,13,Turf,
5/3/25,6,24,6973,1.162166667,132134,736,13:29:10,1329,Ctenochaetus striatus,2,Turf,
5/3/25,6,24,6973,1.162166667,132134,819,13:29:53,1329,Zanclus corutus,4,Turf,
5/3/25,6,24,6973,1.162166667,132134,932,13:31:06,1329,Ctenochaetus striatus,3,Turf,
5/3/25,6,24,6973,1.162166667,132134,1005,13:31:39,1329,Ctenochaetus striatus,3,Turf,
5/3/25,6,24,6973,1.162166667,132134,1112,13:32:46,1329,Ctenochaetus striatus,5,Turf,
5/3/25,6,24,6973,1.162166667,132134,1206,13:33:40,1329,Juvenile Parrotfish,35,Turf,
5/3/25,6,24,6973,1.162166667,132134,1240,13:34:14,1329,Ctenochaetus striatus,6,Turf,
5/3/25,6,24,6973,1.162166667,133505,108,13:36:13,1329,Juvenile Parrotfish,24,Turf,
5/3/25,6,24,6973,1.162166667,133505,118,13:36:23,1329,Ctenochaetus striatus,6,Turf,
5/3/25,6,24,6973,1.162166667,133505,214,13:37:19,1329,Juvenile Parrotfish,11,Turf,
5/3/25,6,24,6973,1.162166667,133505,310,13:38:15,1329,Juvenile Parrotfish,11,Turf,
5/3/25,6,24,6973,1.162166667,133505,326,13:38:31,1329,Ctenochaetus striatus,11,Turf,
5/3/25,6,24,6973,1.162166667,133505,418,13:39:23,1329,Juvenile Parrotfish,28,Turf,
5/3/25,6,24,6973,1.162166667,133505,449,13:39:54,1329,Zebrasoma scopas,14,Turf,
5/3/25,6,24,6973,1.162166667,133505,451,13:39:56,1329,Juvenile Parrotfish,9,Turf,
5/3/25,6,24,6973,1.162166667,133505,458,13:40:03,1329,Ctenochaetus striatus,3,Turf,
5/3/25,6,24,6973,1.162166667,133505,515,13:40:20,1329,Ctenochaetus striatus,4,Turf,
5/3/25,6,24,6973,1.162166667,133505,520,13:40:25,1329,Juvenile Parrotfish,2,Turf,
5/3/25,6,24,6973,1.162166667,133505,522,13:40:27,1329,Ctenochaetus striatus,2,Turf,
5/3/25,6,24,6973,1.162166667,133505,526,13:40:31,1329,Zebrasoma scopas,6,Turf,
5/3/25,6,24,6973,1.162166667,133505,530,13:40:35,1329,Zebrasoma scopas,8,Turf,
5/3/25,6,24,6973,1.162166667,133505,555,13:41:00,1329,Ctenochaetus striatus,5,Turf,
5/3/25,6,24,6973,1.162166667,133505,627,13:41:32,1329,Ctenochaetus striatus,5,Turf,
5/3/25,6,24,6973,1.162166667,133505,632,13:41:37,1329,Scarus frenatus,4,Turf,
5/3/25,6,24,6973,1.162166667,133505,639,13:41:44,1329,Ctenochaetus striatus,11,Turf,
5/3/25,6,24,6973,1.162166667,133505,807,13:43:12,1329,Ctenochaetus striatus,2,Turf,
5/3/25,6,24,6973,1.162166667,133505,908,13:44:13,1329,Juvenile Parrotfish,13,Turf,
5/3/25,6,24,6973,1.162166667,133505,912,13:44:17,1329,Ctenochaetus striatus,22,Turf,
5/3/25,6,24,6973,1.162166667,133505,917,13:44:22,1329,Juvenile Parrotfish,1,Turf,
5/3/25,6,24,6973,1.162166667,133505,921,13:44:26,1329,Ctenochaetus striatus,1,Turf,
5/3/25,6,24,6973,1.162166667,133505,1003,13:45:08,1329,Ctenochaetus striatus,7,Turf,
5/3/25,6,24,6973,1.162166667,133505,1106,13:46:11,1329,Ctenochaetus striatus,2,Turf,
5/3/25,6,24,6973,1.162166667,133505,1137,13:46:42,1329,Zebrasoma scopas,15,Turf,
5/3/25,6,24,6973,1.162166667,133505,1152,13:46:57,1329,Zebrasoma scopas,8,Turf,
5/3/25,6,24,6973,1.162166667,134836,57,13:49:33,1328,Ctenochaetus striatus,3,Turf,
5/3/25,6,24,6973,1.162166667,134836,117,13:49:53,1328,Ctenochaetus striatus,18,Turf,
5/3/25,6,24,6973,1.162166667,134836,218,13:50:54,1328,Ctenochaetus striatus,13,Turf,
5/3/25,6,24,6973,1.162166667,134836,357,13:52:33,1328,Zebrasoma scopas,4,Turf,
5/3/25,6,24,6973,1.162166667,134836,400,13:52:36,1328,Zebrasoma scopas,7,Turf,
5/3/25,6,24,6973,1.162166667,134836,411,13:52:47,1328,Ctenochaetus striatus,4,Turf,
5/3/25,6,24,6973,1.162166667,134836,452,13:53:28,1328,Zebrasoma scopas,34,Turf,
5/3/25,6,24,6973,1.162166667,134836,716,13:55:52,1328,Ctenochaetus striatus,20,Turf,
5/3/25,6,24,6973,1.162166667,134836,1302,14:01:38,1328,Juvenile Parrotfish,2,Turf,initial bulletnose
5/3/25,6,24,6973,1.162166667,140206,0,14:02:06,1329,Ctenochaetus striatus,7,Turf,
5/3/25,6,24,6973,1.162166667,140206,130,14:03:36,1329,Ctenochaetus striatus,8,Turf,
5/3/25,6,24,6973,1.162166667,140206,130,14:03:36,1329,Juvenile Parrotfish,7,Turf,
5/3/25,6,24,6973,1.162166667,140206,152,14:03:58,1329,Juvenile Parrotfish,14,Turf,
5/3/25,6,24,6973,1.162166667,140206,159,14:04:05,1329,Ctenochaetus striatus,1,Turf,
5/3/25,6,24,6973,1.162166667,140206,207,14:04:13,1329,Juvenile Parrotfish,7,Turf,
5/3/25,6,24,6973,1.162166667,140206,248,14:04:54,1329,Zebrasoma scopas,3,Turf,
5/3/25,6,24,6973,1.162166667,140206,258,14:05:04,1329,Ctenochaetus striatus,3,Turf,
5/3/25,6,24,6973,1.162166667,140206,355,14:06:01,1329,Ctenochaetus striatus,13,Turf,
5/3/25,6,24,6973,1.162166667,140206,455,14:07:01,1329,Juvenile Parrotfish,20,Turf,
5/3/25,6,24,6973,1.162166667,140206,618,14:08:24,1329,Juvenile Parrotfish,4,Turf,
5/3/25,6,24,6973,1.162166667,140206,819,14:10:25,1329,Juvenile Parrotfish,10,Turf,
5/3/25,6,24,6973,1.162166667,140206,843,14:10:49,1329,Ctenochaetus striatus,11,Turf,
5/3/25,6,24,6973,1.162166667,140206,1020,14:12:26,1329,Juvenile Parrotfish,5,Turf,
5/3/25,6,24,6973,1.162166667,140206,1025,14:12:31,1329,Ctenochaetus striatus,8,Turf,
5/3/25,6,24,6973,1.162166667,140206,1121,14:13:27,1329,Juvenile Parrotfish,17,Turf,
5/3/25,6,24,6973,1.162166667,140206,1130,14:13:36,1329,Ctenochaetus striatus,2,Turf,
5/3/25,6,24,6973,1.162166667,140206,1239,14:14:45,1329,Ctenochaetus striatus,3,Turf,
5/3/25,6,24,6973,1.162166667,140206,1251,14:14:57,1329,Ctenochaetus striatus,5,Turf,
5/3/25,6,24,6973,1.162166667,141537,132,14:17:09,329,Ctenochaetus striatus,2,Turf,
5/3/25,6,24,6973,1.162166667,141537,215,14:17:52,329,Juvenile Parrotfish,11,Turf,
5/3/25,6,24,6973,1.162166667,141537,259,14:18:36,329,Ctenochaetus striatus,14,Turf,
5/4/25,7,25,6617,1.102833333,90703,133,9:08:36,1329,Zebrasoma scopas,11,Turb,
5/4/25,7,25,6617,1.102833333,90703,242,9:09:45,1329,Zebrasoma scopas,4,Turb,
5/4/25,7,25,6617,1.102833333,90703,1202,9:19:05,1329,Zebrasoma scopas,13,Turb,
5/4/25,7,25,6617,1.102833333,92033,333,9:24:06,1329,Thalassoma hardwicke,5,Turb,
5/4/25,7,25,6617,1.102833333,92033,340,9:24:13,1329,Centropyge flavissimus,6,Turb,
5/4/25,7,25,6617,1.102833333,92033,720,9:27:53,1329,Stethojulis bandanensis,1,Turb,
5/4/25,7,25,6617,1.102833333,92033,720,9:27:53,1329,Stethojulis bandanensis,1,Turb,
5/4/25,7,25,6617,1.102833333,92033,731,9:28:04,1329,Stethojulis bandanensis,1,Turb,
5/4/25,7,25,6617,1.102833333,92033,910,9:29:43,1329,Stethojulis bandanensis,1,Turb,
5/4/25,7,25,6617,1.102833333,93404,157,9:36:01,1329,Scarus psittacus,3,Turb,
5/4/25,7,25,6617,1.102833333,93404,704,9:41:08,1329,Scarus psittacus,1,Turb,
5/4/25,7,25,6617,1.102833333,93404,748,9:41:52,1329,Stethojulis bandanensis,2,Turb,
5/4/25,7,25,6617,1.102833333,93404,756,9:42:00,1329,Scarus psittacus,3,Turb,
5/4/25,7,25,6617,1.102833333,93404,828,9:42:32,1329,Zebrasoma scopas,5,Turb,
5/4/25,7,25,6617,1.102833333,93404,833,9:42:37,1329,Zebrasoma scopas,10,Turb,
5/4/25,7,25,6617,1.102833333,93404,859,9:43:03,1329,Ctenochaetus striatus,7,Turb,
5/4/25,7,25,6617,1.102833333,93404,934,9:43:38,1329,Zebrasoma scopas,5,Turb,
5/4/25,7,25,6617,1.102833333,93404,952,9:43:56,1329,Scarus psittacus,3,Turb,
5/4/25,7,25,6617,1.102833333,100106,17,10:01:23,1301,Cheilinus chlorourus,2,Turb,
5/4/25,7,25,6617,1.102833333,100106,728,10:08:34,1301,Stethojulis bandanensis,1,Turb,
5/4/25,7,26,6642,1.107,90551,211,9:08:02,1329,Ctenochaetus striatus,12,Turf,
5/4/25,7,26,6642,1.107,90551,357,9:09:48,1329,Ctenochaetus striatus,9,Turf,
5/4/25,7,26,6642,1.107,90551,359,9:09:50,1329,Acanthurus nigrofuscus,17,Turf,
5/4/25,7,26,6642,1.107,90551,537,9:11:28,1329,Ctenochaetus striatus,8,Turf,
5/4/25,7,26,6642,1.107,90551,549,9:11:40,1329,Acanthurus nigrofuscus,17,Turf,
5/4/25,7,26,6642,1.107,90551,643,9:12:34,1329,Ctenochaetus striatus,1,Turf,
5/4/25,7,26,6642,1.107,90551,901,9:14:52,1329,Acanthurus nigrofuscus,50,Turf,
5/4/25,7,26,6642,1.107,90551,918,9:15:09,1329,Ctenochaetus striatus,4,Turf,
5/4/25,7,26,6642,1.107,90551,1223,9:18:14,1329,Acanthurus nigrofuscus,20,Turf,
5/4/25,7,26,6642,1.107,90551,1306,9:18:57,1329,Ctenochaetus striatus,4,Turf,
5/4/25,7,26,6642,1.107,90551,1316,9:19:07,1329,Chaetodon citrinellus,2,Turf,
5/4/25,7,26,6642,1.107,91922,17,9:19:39,1329,Acanthurus nigrofuscus,6,Turf,
5/4/25,7,26,6642,1.107,91922,22,9:19:44,1329,Ctenochaetus striatus,2,Turf,
5/4/25,7,26,6642,1.107,91922,31,9:19:53,1329,Chlorurus sordidus,3,Turf,
5/4/25,7,26,6642,1.107,91922,239,9:22:01,1329,Ctenochaetus striatus,2,Turf,
5/4/25,7,26,6642,1.107,91922,249,9:22:11,1329,Chlorurus sordidus,7,Turf,
5/4/25,7,26,6642,1.107,91922,252,9:22:14,1329,Chlorurus sordidus,11,Turf,
5/4/25,7,26,6642,1.107,91922,254,9:22:16,1329,Ctenochaetus striatus,11,Turf,
5/4/25,7,26,6642,1.107,91922,304,9:22:26,1329,Acanthurus nigrofuscus,8,Turf,
5/4/25,7,26,6642,1.107,91922,316,9:22:38,1329,Balistapus undulatus,1,Turf,
5/4/25,7,26,6642,1.107,91922,317,9:22:39,1329,Ctenochaetus striatus,2,Turf,
5/4/25,7,26,6642,1.107,91922,353,9:23:15,1329,Acanthurus nigrofuscus,34,Turf,
5/4/25,7,26,6642,1.107,91922,356,9:23:18,1329,Chlorurus sordidus,3,Turf,
5/4/25,7,26,6642,1.107,91922,350,9:23:12,1329,Chlorurus sordidus,3,Turf,
5/4/25,7,26,6642,1.107,91922,359,9:23:21,1329,Ctenochaetus striatus,8,Turf,
5/4/25,7,26,6642,1.107,91922,505,9:24:27,1329,Ctenochaetus striatus,4,Turf,
5/4/25,7,26,6642,1.107,91922,515,9:24:37,1329,Ctenochaetus striatus,9,Turf,
5/4/25,7,26,6642,1.107,91922,645,9:26:07,1329,Zebrasoma scopas,16,Turf,
5/4/25,7,26,6642,1.107,91922,649,9:26:11,1329,Ctenochaetus striatus,10,Turf,
5/4/25,7,26,6642,1.107,91922,700,9:26:22,1329,Ctenochaetus striatus,17,Turf,
5/4/25,7,26,6642,1.107,91922,710,9:26:32,1329,Acanthurus nigrofuscus,61,Turf,
5/4/25,7,26,6642,1.107,91922,758,9:27:20,1329,Ctenochaetus striatus,12,Turf,
5/4/25,7,26,6642,1.107,91922,934,9:28:56,1329,Acanthurus nigrofuscus,16,Turf,
5/4/25,7,26,6642,1.107,91922,955,9:29:17,1329,Ctenochaetus striatus,6,Turf,
5/4/25,7,26,6642,1.107,91922,1255,9:32:17,1329,Ctenochaetus striatus,12,Turf,
5/4/25,7,26,6642,1.107,91922,1307,9:32:29,1329,Ctenochaetus striatus,5,Turf,
5/4/25,7,26,6642,1.107,93253,3,9:32:56,1329,Ctenochaetus striatus,4,Turf,
5/4/25,7,26,6642,1.107,93253,113,9:34:06,1329,Balistapus undulatus,1,Turf,
5/4/25,7,26,6642,1.107,93253,125,9:34:18,1329,Chrysiptera leucopoma,24,Turf,
5/4/25,7,26,6642,1.107,93253,125,9:34:18,1329,Chrysiptera leucopoma,9,Turf,
5/4/25,7,26,6642,1.107,93253,157,9:34:50,1329,Thalassoma hardwicke,2,Turf,
5/4/25,7,26,6642,1.107,93253,233,9:35:26,1329,Chrysiptera leucopoma,4,Turf,
5/4/25,7,26,6642,1.107,93253,256,9:35:49,1329,Chrysiptera leucopoma,2,Turf,
5/4/25,7,26,6642,1.107,93253,332,9:36:25,1329,Ctenochaetus striatus,8,Turf,
5/4/25,7,26,6642,1.107,93253,331,9:36:24,1329,Ctenochaetus striatus,10,Turf,
5/4/25,7,26,6642,1.107,93253,347,9:36:40,1329,Chrysiptera leucopoma,15,Turf,
5/4/25,7,26,6642,1.107,93253,402,9:36:55,1329,Chrysiptera leucopoma,13,Turf,
5/4/25,7,26,6642,1.107,93253,427,9:37:20,1329,Chrysiptera leucopoma,3,Turf,
5/4/25,7,26,6642,1.107,93253,440,9:37:33,1329,Chrysiptera leucopoma,9,Turf,
5/4/25,7,26,6642,1.107,93253,457,9:37:50,1329,Chrysiptera leucopoma,21,Turf,
5/4/25,7,26,6642,1.107,93253,540,9:38:33,1329,Acanthurus nigrofuscus,13,Turf,
5/4/25,7,26,6642,1.107,93253,545,9:38:38,1329,Ctenochaetus striatus,9,Turf,
5/4/25,7,26,6642,1.107,93253,604,9:38:57,1329,Ctenochaetus striatus,4,Turf,
5/4/25,7,26,6642,1.107,93253,606,9:38:59,1329,Balistapus undulatus,1,Turf,
5/4/25,7,26,6642,1.107,93253,621,9:39:14,1329,Ctenochaetus striatus,9,Turf,
5/4/25,7,26,6642,1.107,93253,723,9:40:16,1329,Ctenochaetus striatus,3,Turf,
5/4/25,7,26,6642,1.107,93253,828,9:41:21,1329,Chrysiptera leucopoma,3,Turf,
5/4/25,7,26,6642,1.107,93253,918,9:42:11,1329,Ctenochaetus striatus,4,Turf,
5/4/25,7,26,6642,1.107,93253,924,9:42:17,1329,Ctenochaetus striatus,4,Turf,
5/4/25,7,26,6642,1.107,93253,1038,9:43:31,1329,Ctenochaetus striatus,3,Turf,
5/4/25,7,26,6642,1.107,93253,1058,9:43:51,1329,Acanthurus nigrofuscus,82,Turf,
5/4/25,7,26,6642,1.107,93253,1058,9:43:51,1329,Ctenochaetus striatus,4,Turf,
5/4/25,7,26,6642,1.107,93253,1307,9:46:00,1329,Ctenochaetus striatus,12,Turf,
5/4/25,7,26,6642,1.107,94624,1,9:46:25,1329,Chrysiptera leucopoma,14,Turf,
5/4/25,7,26,6642,1.107,94624,24,9:46:48,1329,Chrysiptera leucopoma,27,Turf,
5/4/25,7,26,6642,1.107,94624,158,9:48:22,1329,Acanthurus nigrofuscus,9,Turf,
5/4/25,7,26,6642,1.107,94624,212,9:48:36,1329,Chrysiptera leucopoma,39,Turf,
5/4/25,7,26,6642,1.107,94624,232,9:48:56,1329,Chrysiptera leucopoma,38,Turf,
5/4/25,7,26,6642,1.107,94624,402,9:50:26,1329,Acanthurus nigrofuscus,9,Turf,
5/4/25,7,26,6642,1.107,94624,405,9:50:29,1329,Ctenochaetus striatus,7,Turf,
5/4/25,7,26,6642,1.107,94624,444,9:51:08,1329,Acanthurus nigrofuscus,25,Turf,
5/4/25,7,26,6642,1.107,94624,517,9:51:41,1329,Chrysiptera leucopoma,7,Turf,
5/4/25,7,26,6642,1.107,94624,519,9:51:43,1329,Chrysiptera leucopoma,3,Turf,
5/4/25,7,26,6642,1.107,94624,543,9:52:07,1329,Ctenochaetus striatus,3,Turf,
5/4/25,7,26,6642,1.107,94624,628,9:52:52,1329,Ctenochaetus striatus,19,Turf,
5/4/25,7,26,6642,1.107,94624,630,9:52:54,1329,Acanthurus nigrofuscus,17,Turf,
5/4/25,7,26,6642,1.107,94624,711,9:53:35,1329,Ctenochaetus striatus,20,Turf,
5/4/25,7,26,6642,1.107,94624,749,9:54:13,1329,Acanthurus nigrofuscus,22,Turf,
5/4/25,7,26,6642,1.107,94624,807,9:54:31,1329,Ctenochaetus striatus,3,Turf,
5/4/25,7,26,6642,1.107,94624,851,9:55:15,1329,Chrysiptera leucopoma,3,Turf,
5/4/25,7,26,6642,1.107,94624,1009,9:56:33,1329,Chrysiptera leucopoma,10,Turf,
5/4/25,7,26,6642,1.107,94624,1026,9:56:50,1329,Chrysiptera leucopoma,3,Turf,
5/4/25,7,26,6642,1.107,94624,1035,9:56:59,1329,Ctenochaetus striatus,13,Turf,
5/4/25,7,26,6642,1.107,94624,1111,9:57:35,1329,Ctenochaetus striatus,6,Turf,
5/4/25,7,26,6642,1.107,94624,1116,9:57:40,1329,Ctenochaetus striatus,3,Turf,
5/4/25,7,26,6642,1.107,95955,218,10:02:13,1326,Zebrasoma scopas,1,Turf,
5/4/25,7,26,6642,1.107,95955,223,10:02:18,1326,Acanthurus nigrofuscus,32,Turf,
5/4/25,7,26,6642,1.107,95955,334,10:03:29,1326,Ctenochaetus striatus,6,Turf,
5/4/25,7,26,6642,1.107,95955,538,10:05:33,1326,Acanthurus nigrofuscus,19,Turf,
5/4/25,7,26,6642,1.107,95955,714,10:07:09,1326,Zebrasoma scopas,6,Turf,
5/4/25,7,26,6642,1.107,95955,812,10:08:07,1326,Ctenochaetus striatus,5,Turf,
5/4/25,7,26,6642,1.107,95955,849,10:08:44,1326,Ctenochaetus striatus,16,Turf,
5/4/25,7,26,6642,1.107,95955,1006,10:10:01,1326,Acanthurus nigrofuscus,11,Turf,
5/4/25,7,26,6642,1.107,95955,1123,10:11:18,1326,Ctenochaetus striatus,13,Turf,
5/4/25,7,26,6642,1.107,95955,1159,10:11:54,1326,Ctenochaetus striatus,7,Turf,
5/4/25,7,27,6750,1.125,90412,704,9:11:16,1221,Acanthurus nigrofuscus,2,Turb,
5/4/25,7,27,6750,1.125,91635,8,9:16:43,1303,Acanthurus nigrofuscus,3,Turb,
5/4/25,7,27,6750,1.125,92940,501,9:34:41,1316,Ctenochaetus striatus,1,Turb,
5/4/25,7,27,6750,1.125,92940,1020,9:40:00,1020,Thalassoma hardwicke,1,Turb,
5/4/25,7,27,6750,1.125,94259,111,9:44:10,1329,Ctenochaetus striatus,2,Turb,
5/4/25,7,27,6750,1.125,94259,430,9:47:29,1329,Acanthurus nigrofuscus,3,Turb,
5/4/25,7,27,6750,1.125,94259,433,9:47:32,1329,Scarus psittacus,1,Turb,
5/4/25,7,27,6750,1.125,94259,1028,9:53:27,1329,Acanthurus nigrofuscus,1,Turb,
5/4/25,7,27,6750,1.125,95629,101,9:57:30,1329,Stethojulis bandanensis,3,Turb,
5/4/25,7,27,6750,1.125,95629,347,10:00:16,1329,Stethojulis bandanensis,6,Turb,
5/4/25,7,27,6750,1.125,95629,428,10:00:57,1329,Stethojulis bandanensis,3,Turb,
5/4/25,7,27,6750,1.125,95629,438,10:01:07,1329,Scarus psittacus,5,Turb,
5/4/25,7,27,6750,1.125,95629,523,10:01:52,1329,Acanthurus nigrofuscus,5,Turb,
5/4/25,7,27,6750,1.125,95629,543,10:02:12,1329,Scarus psittacus,2,Turb,
5/4/25,7,27,6750,1.125,95629,850,10:05:19,1329,Ctenochaetus striatus,1,Turb,
5/4/25,7,27,6750,1.125,95629,856,10:05:25,1329,Acanthurus nigrofuscus,2,Turb,
5/4/25,7,27,6750,1.125,101000,0,10:10:00,252,,0,Turb,
5/4/25,7,28,6762,1.127,90419,110,9:05:29,1329,Acanthurus nigrofuscus,24,Turf,
5/4/25,7,28,6762,1.127,90419,116,9:05:35,1329,Zebrasoma scopas,9,Turf,
5/4/25,7,28,6762,1.127,90419,124,9:05:43,1329,Ctenochaetus striatus,6,Turf,
5/4/25,7,28,6762,1.127,90419,222,9:06:41,1329,Ctenochaetus striatus,6,Turf,
5/4/25,7,28,6762,1.127,90419,416,9:08:35,1329,Ctenochaetus striatus,2,Turf,
5/4/25,7,28,6762,1.127,90419,901,9:13:20,1329,Melichthys vidua,3,Turf,
5/4/25,7,28,6762,1.127,90419,901,9:13:20,1329,Ctenochaetus striatus,4,Turf,
5/4/25,7,28,6762,1.127,90419,921,9:13:40,1329,Acanthurus nigrofuscus,11,Turf,
5/4/25,7,28,6762,1.127,90419,935,9:13:54,1329,Ctenochaetus striatus,8,Turf,
5/4/25,7,28,6762,1.127,90419,1109,9:15:28,1329,Ctenochaetus striatus,1,Turf,
5/4/25,7,28,6762,1.127,90419,1211,9:16:30,1329,Ctenochaetus striatus,7,Turf,
5/4/25,7,28,6762,1.127,90419,1300,9:17:19,1329,Ctenochaetus striatus,4,Turf,
5/4/25,7,28,6762,1.127,91750,106,9:18:56,1328,Ctenochaetus striatus,9,Turf,
5/4/25,7,28,6762,1.127,91750,206,9:19:56,1328,Acanthurus nigrofuscus,30,Turf,
5/4/25,7,28,6762,1.127,91750,217,9:20:07,1328,Ctenochaetus striatus,9,Turf,
5/4/25,7,28,6762,1.127,91750,239,9:20:29,1328,Acanthurus nigrofuscus,21,Turf,
5/4/25,7,28,6762,1.127,91750,241,9:20:31,1328,Chlorurus sordidus,4,Turf,
5/4/25,7,28,6762,1.127,91750,241,9:20:31,1328,Acanthurus nigrofuscus,4,Turf,
5/4/25,7,28,6762,1.127,91750,317,9:21:07,1328,Ctenochaetus striatus,8,Turf,
5/4/25,7,28,6762,1.127,91750,402,9:21:52,1328,Ctenochaetus striatus,3,Turf,
5/4/25,7,28,6762,1.127,91750,440,9:22:30,1328,Ctenochaetus striatus,5,Turf,
5/4/25,7,28,6762,1.127,91750,518,9:23:08,1328,Acanthurus nigrofuscus,7,Turf,
5/4/25,7,28,6762,1.127,91750,617,9:24:07,1328,Ctenochaetus striatus,3,Turf,
5/4/25,7,28,6762,1.127,91750,910,9:27:00,1328,Ctenochaetus striatus,4,Turf,
5/4/25,7,28,6762,1.127,91750,915,9:27:05,1328,Acanthurus nigrofuscus,13,Turf,
5/4/25,7,28,6762,1.127,91750,948,9:27:38,1328,Ctenochaetus striatus,6,Turf,
5/4/25,7,28,6762,1.127,91750,1002,9:27:52,1328,Melichthys vidua,5,Turf,
5/4/25,7,28,6762,1.127,91750,1041,9:28:31,1328,Ctenochaetus striatus,2,Turf,
5/4/25,7,28,6762,1.127,91750,1113,9:29:03,1328,Ctenochaetus striatus,4,Turf,
5/4/25,7,28,6762,1.127,91750,1251,9:30:41,1328,Ctenochaetus striatus,10,Turf,
5/4/25,7,28,6762,1.127,93121,12,9:31:33,1329,Ctenochaetus striatus,5,Turf,
5/4/25,7,28,6762,1.127,93121,58,9:32:19,1329,Chlorurus sordidus,19,Turf,
5/4/25,7,28,6762,1.127,93121,145,9:33:06,1329,Ctenochaetus striatus,3,Turf,
5/4/25,7,28,6762,1.127,93121,149,9:33:10,1329,Scarus psittacus,37,Turf,
5/4/25,7,28,6762,1.127,93121,209,9:33:30,1329,Chlorurus sordidus,1,Turf,
5/4/25,7,28,6762,1.127,93121,254,9:34:15,1329,Chlorurus sordidus,31,Turf,
5/4/25,7,28,6762,1.127,93121,307,9:34:28,1329,Ctenochaetus striatus,8,Turf,
5/4/25,7,28,6762,1.127,93121,419,9:35:40,1329,Ctenochaetus striatus,3,Turf,
5/4/25,7,28,6762,1.127,93121,451,9:36:12,1329,Acanthurus nigrofuscus,27,Turf,
5/4/25,7,28,6762,1.127,93121,631,9:37:52,1329,Ctenochaetus striatus,3,Turf,
5/4/25,7,28,6762,1.127,93121,656,9:38:17,1329,Ctenochaetus striatus,9,Turf,
5/4/25,7,28,6762,1.127,93121,839,9:40:00,1329,Ctenochaetus striatus,5,Turf,
5/4/25,7,28,6762,1.127,93121,921,9:40:42,1329,Ctenochaetus striatus,8,Turf,
5/4/25,7,28,6762,1.127,93121,944,9:41:05,1329,Acanthurus nigrofuscus,12,Turf,
5/4/25,7,28,6762,1.127,93121,952,9:41:13,1329,Ctenochaetus striatus,3,Turf,
5/4/25,7,28,6762,1.127,93121,1032,9:41:53,1329,Ctenochaetus striatus,2,Turf,
5/4/25,7,28,6762,1.127,93121,1117,9:42:38,1329,Ctenochaetus striatus,2,Turf,
5/4/25,7,28,6762,1.127,93121,1134,9:42:55,1329,Ctenochaetus striatus,7,Turf,
5/4/25,7,28,6762,1.127,93121,1307,9:44:28,1329,Ctenochaetus striatus,10,Turf,
5/4/25,7,28,6762,1.127,94452,28,9:45:20,1328,Scarus psittacus,18,Turf,
5/4/25,7,28,6762,1.127,94452,30,9:45:22,1328,Zebrasoma scopas,43,Turf,
5/4/25,7,28,6762,1.127,94452,57,9:45:49,1328,Mulloidichthys flavolineatus,9,Turf,
5/4/25,7,28,6762,1.127,94452,59,9:45:51,1328,Zebrasoma scopas,3,Turf,
5/4/25,7,28,6762,1.127,94452,138,9:46:30,1328,Chlorurus sordidus,5,Turf,
5/4/25,7,28,6762,1.127,94452,140,9:46:32,1328,Ctenochaetus striatus,3,Turf,
5/4/25,7,28,6762,1.127,94452,338,9:48:30,1328,Scarus psittacus,6,Turf,
5/4/25,7,28,6762,1.127,94452,419,9:49:11,1328,Ctenochaetus striatus,6,Turf,
5/4/25,7,28,6762,1.127,94452,430,9:49:22,1328,Unknown wrasse,2,Turf,
5/4/25,7,28,6762,1.127,94452,438,9:49:30,1328,Ctenochaetus striatus,8,Turf,
5/4/25,7,28,6762,1.127,94452,438,9:49:30,1328,Acanthurus nigrofuscus,48,Turf,
5/4/25,7,28,6762,1.127,94452,506,9:49:58,1328,Ctenochaetus striatus,8,Turf,
5/4/25,7,28,6762,1.127,94452,536,9:50:28,1328,Ctenochaetus striatus,5,Turf,
5/4/25,7,28,6762,1.127,94452,609,9:51:01,1328,Ctenochaetus striatus,4,Turf,
5/4/25,7,28,6762,1.127,94452,641,9:51:33,1328,Ctenochaetus striatus,5,Turf,
5/4/25,7,28,6762,1.127,94452,804,9:52:56,1328,Ctenochaetus striatus,1,Turf,
5/4/25,7,28,6762,1.127,94452,823,9:53:15,1328,Ctenochaetus striatus,1,Turf,
5/4/25,7,28,6762,1.127,94452,833,9:53:25,1328,Ctenochaetus striatus,9,Turf,
5/4/25,7,28,6762,1.127,94452,850,9:53:42,1328,Zebrasoma scopas,11,Turf,
5/4/25,7,28,6762,1.127,94452,907,9:53:59,1328,Ctenochaetus striatus,3,Turf,
5/4/25,7,28,6762,1.127,94452,933,9:54:25,1328,Melichthys vidua,4,Turf,
5/4/25,7,28,6762,1.127,94452,944,9:54:36,1328,Ctenochaetus striatus,6,Turf,
5/4/25,7,28,6762,1.127,94452,1023,9:55:15,1328,Ctenochaetus striatus,4,Turf,
5/4/25,7,28,6762,1.127,94452,1123,9:56:15,1328,Ctenochaetus striatus,8,Turf,
5/4/25,7,28,6762,1.127,94452,1158,9:56:50,1328,Ctenochaetus striatus,10,Turf,
5/4/25,7,28,6762,1.127,95823,34,9:58:57,1329,Ctenochaetus striatus,7,Turf,
5/4/25,7,28,6762,1.127,95823,142,10:00:05,1329,Ctenochaetus striatus,21,Turf,
5/4/25,7,28,6762,1.127,95823,227,10:00:50,1329,Chlorurus sordidus,1,Turf,
5/4/25,7,28,6762,1.127,95823,254,10:01:17,1329,Ctenochaetus striatus,7,Turf,
5/4/25,7,28,6762,1.127,95823,435,10:02:58,1329,Ctenochaetus striatus,6,Turf,
5/4/25,7,28,6762,1.127,95823,550,10:04:13,1329,Ctenochaetus striatus,6,Turf,
5/4/25,7,28,6762,1.127,95823,618,10:04:41,1329,Ctenochaetus striatus,8,Turf,
5/4/25,7,28,6762,1.127,95823,650,10:05:13,1329,Ctenochaetus striatus,3,Turf,
5/4/25,7,28,6762,1.127,95823,701,10:05:24,1329,Ctenochaetus striatus,3,Turf,
5/4/25,7,28,6762,1.127,95823,805,10:06:28,1329,Ctenochaetus striatus,2,Turf,
5/4/25,7,28,6762,1.127,95823,819,10:06:42,1329,Ctenochaetus striatus,24,Turf,
5/4/25,7,28,6762,1.127,95823,923,10:07:46,1329,Ctenochaetus striatus,10,Turf,
5/4/25,7,28,6762,1.127,95823,927,10:07:50,1329,Acanthurus nigrofuscus,25,Turf,
5/4/25,7,28,6762,1.127,95823,1043,10:09:06,1329,Ctenochaetus striatus,14,Turf,
5/4/25,7,28,6762,1.127,95823,1119,10:09:42,1329,Ctenochaetus striatus,3,Turf,
5/4/25,7,28,6762,1.127,101154,2,10:11:56,119,Ctenochaetus striatus,6,Turf,
5/4/25,7,28,6762,1.127,101154,34,10:12:28,119,Chlorurus sordidus,5,Turf,
5/4/25,7,28,6762,1.127,101154,34,10:12:28,119,Chlorurus sordidus,1,Turf,
5/4/25,7,28,6762,1.127,101154,35,10:12:29,119,Ctenochaetus striatus,13,Turf,
5/4/25,7,25,6617,0,94735,0,9:47:35,1329,Acanthurus nigrofuscus,4,Turb,
5/4/25,7,25,6617,0,94735,318,9:50:53,1329,Ctenochaetus striatus,4,Turb,